{"stat.pickup.randomthings.lavacharm":1,"stat.drop.minecraft.waterlily":3,"stat.entityKilledBy.aoa3.scrubby":1,"stat.pickup.simplecorn.corncob":3,"stat.killEntity.aoa3.sasquatch":1,"stat.leaveGame":8,"stat.craftItem.minecraft.iron_axe":1,"stat.killEntity.aoa3.shade":1,"stat.useItem.minecraft.planks":2,"stat.drop.dynamictrees.birchseed":3,"stat.pickup.minecraft.porkchop":12,"stat.useItem.minecraft.water_bucket":5,"stat.pickup.minecraft.rotten_flesh":4,"stat.craftItem.aoa3.limonite_axe":1,"stat.pickup.minecraft.sand":392,"stat.pickup.aoa3.scrap_metal":38,"stat.killEntity.aoa3.bugeye":3,"stat.pickup.aoa3.limonite_pickaxe":1,"stat.craftItem.minecraft.stone_axe":1,"stat.useItem.minecraft.ender_pearl":2,"stat.useItem.randomthings.beans":2,"stat.mineBlock.minecraft.sand":392,"stat.craftItem.aoa3.limonite_shovel":3,"stat.killEntity.aoa3.dicer":2,"stat.useItem.minecraft.iron_pickaxe":1751,"stat.pickup.aoa3.jade":12,"stat.useItem.dynamictrees.darkoakseed":10,"stat.entityKilledBy.aoa3.bone_creature":1,"stat.pickup.minecraft.double_plant":2,"stat.pickup.dynamictrees.darkoakseed":18,"stat.furnaceInteraction":110,"stat.drop.minecraft.gravel":64,"stat.craftItem.minecraft.pumpkin_seeds":4,"stat.killEntity.aoa3.modulo":1,"stat.useItem.dynamictrees.birchseed":19,"stat.pickup.minecraft.beef":24,"stat.pickup.minecraft.furnace":10,"stat.pickup.travellersbackpack.travellers_backpack":7,"stat.drop.wings.angel_wings":1,"stat.useItem.aoa3.amethyst_shovel":41,"stat.useItem.minecraft.pumpkin_pie":5,"stat.pickup.dynamictrees.oakseed":12,"stat.entityKilledBy.aoa3.wither_wizard":1,"stat.deaths":26,"stat.pickup.minecraft.egg":28,"stat.playOneMinute":514565,"stat.killEntity.aoa3.night_reaper":2,"stat.craftItem.minecraft.iron_pickaxe":7,"stat.craftItem.aoa3.rosite_pickaxe":3,"stat.mineBlock.aoa3.jade_ore":12,"stat.craftItem.minecraft.pumpkin_pie":5,"stat.useItem.simplecorn.kernels":4,"stat.mineBlock.minecraft.tallgrass":48,"stat.pickup.minecraft.netherrack":75,"stat.pickup.minecraft.cooked_mutton":2,"stat.chestOpened":75,"stat.pickup.minecraft.pumpkin":9,"stat.useItem.minecraft.stone":66,"stat.craftItem.minecraft.carpet":6,"stat.mineBlock.minecraft.netherrack":76,"stat.pickup.minecraft.arrow":4,"stat.pickup.minecraft.waterlily":3,"stat.craftItem.wings.monarch_butterfly_wings":1,"stat.mineBlock.aoa3.amethyst_ore":10,"stat.pickup.minecraft.gold_nugget":41,"stat.pickup.simplecorn.kernels":1,"stat.pickup.minecraft.cooked_chicken":1,"stat.fallOneCm":90625,"stat.drop.minecraft.stone":1,"stat.drop.minecraft.stone_sword":1,"stat.drop.travellersbackpack.travellers_backpack":1,"stat.killEntity.aoa3.scrubby":1,"stat.crouchOneCm":18511,"stat.craftItem.minecraft.iron_ingot":215,"stat.craftItem.minecraft.chest":4,"stat.craftingTableInteraction":46,"stat.killEntity.aoa3.ghostine_ancient":2,"stat.killEntity.aoa3.magicke":1,"stat.pickup.aoa3.limonite_ingot":7,"stat.pickup.minecraft.wooden_pickaxe":1,"stat.mineBlock.minecraft.log2":1,"stat.pickup.minecraft.feather":13,"stat.drop.minecraft.iron_leggings":1,"stat.drop.minecraft.bone":1,"stat.useItem.minecraft.furnace":5,"stat.pickup.minecraft.dye":175,"stat.pickup.minecraft.planks":41,"stat.killEntity.aoa3.shadow":1,"stat.entityKilledBy.aoa3.fake_pigman":1,"stat.pickup.aoa3.limonite_sword":1,"stat.pickup.minecraft.wheat_seeds":3,"stat.useItem.aoa3.jade_pickaxe":1300,"stat.mineBlock.minecraft.gravel":82,"stat.useItem.minecraft.stone_pickaxe":136,"stat.killEntity.aoa3.night_watcher":1,"stat.craftItem.minecraft.iron_leggings":4,"stat.useItem.aoa3.limonite_axe":35,"stat.mineBlock.minecraft.dirt":113,"stat.drop.minecraft.stick":1,"stat.useItem.minecraft.torch":149,"stat.drop.randomthings.glowingmushroom":2,"stat.drop.minecraft.rotten_flesh":1,"stat.pickup.minecraft.crafting_table":8,"stat.useItem.minecraft.log":2,"stat.useItem.minecraft.cobblestone":106,"stat.craftItem.minecraft.crafting_table":3,"stat.pickup.aoa3.runium_ore":11,"stat.craftItem.minecraft.boat":2,"stat.useItem.dynamictrees.oakseed":10,"stat.craftItem.travellersbackpack.sleeping_bag_bottom":2,"stat.pickup.minecraft.log":62,"stat.craftItem.minecraft.gold_ingot":60,"stat.pickup.minecraft.tallgrass":1,"stat.pickup.minecraft.chicken":12,"stat.pickup.minecraft.wooden_door":16,"stat.craftItem.minecraft.bucket":2,"stat.craftItem.minecraft.planks":96,"stat.mineBlock.aoa3.runium_ore":11,"stat.pickup.minecraft.stone_sword":1,"stat.mineBlock.morefurnaces.furnaceblock":4,"stat.craftItem.minecraft.wooden_door":3,"stat.craftItem.minecraft.cooked_chicken":9,"stat.useItem.minecraft.wooden_door":13,"stat.craftItem.minecraft.sugar":9,"stat.pickup.minecraft.red_flower":16,"stat.sneakTime":7001,"stat.pickup.minecraft.wool":18,"stat.pickup.aoa3.copper_coin":16,"stat.useItem.minecraft.baked_potato":22,"stat.useItem.minecraft.wooden_axe":20,"stat.pickup.minecraft.yellow_flower":1,"stat.craftItem.travellersbackpack.backpack_tank":9,"stat.drop.minecraft.wooden_axe":2,"stat.useItem.aoa3.rosite_pickaxe":1800,"stat.pickup.minecraft.bone":3,"stat.craftItem.aoa3.limonite_pickaxe":6,"stat.useItem.minecraft.iron_axe":11,"stat.mineBlock.minecraft.pumpkin":9,"stat.mineBlock.minecraft.cobblestone":21,"stat.useItem.minecraft.log2":1,"stat.pickup.minecraft.flint":11,"stat.mineBlock.minecraft.yellow_flower":1,"stat.craftItem.minecraft.wool":4,"stat.swimOneCm":68479,"stat.killEntity.aoa3.nightfly":2,"stat.craftItem.aoa3.amethyst_pickaxe":1,"stat.climbOneCm":1749,"stat.drop.minecraft.cobblestone":1939,"stat.pickup.minecraft.cooked_porkchop":29,"stat.useItem.minecraft.dirt":39,"stat.pickup.wings.fairy_dust":45,"stat.useItem.minecraft.stone_slab2":144,"stat.craftItem.morefurnaces.furnaceblock":6,"stat.craftItem.minecraft.furnace":17,"stat.useItem.morefurnaces.furnaceblock":1,"stat.useItem.minecraft.egg":7,"stat.craftItem.minecraft.iron_boots":3,"stat.useItem.aoa3.amethyst_pickaxe":1200,"stat.craftItem.morefurnaces.upgrade":1,"stat.craftItem.minecraft.stone_pickaxe":1,"stat.craftItem.minecraft.cooked_beef":23,"stat.pickup.minecraft.cobblestone":7078,"stat.mineBlock.minecraft.carpet":1,"stat.flyOneCm":511857,"stat.drop.minecraft.wheat_seeds":2,"stat.useItem.minecraft.cooked_beef":12,"stat.craftItem.simplecorn.kernels":6,"stat.pickup.minecraft.redstone":77,"stat.mineBlock.minecraft.iron_ore":248,"stat.timeSinceDeath":48839,"stat.craftItem.aoa3.jade_pickaxe":2,"stat.drop.minecraft.spider_eye":1,"stat.pickup.minecraft.mutton":1,"stat.pickup.aoa3.limonite_ore":31,"stat.pickup.minecraft.wooden_axe":1,"stat.drop.minecraft.dirt":5,"stat.useItem.minecraft.cooked_porkchop":1,"stat.craftItem.aoa3.limonite_ingot":24,"stat.pickup.minecraft.carpet":2,"stat.mineBlock.minecraft.coal_ore":769,"stat.drop.minecraft.wool":16,"stat.killEntity.Creeper":2,"stat.pickup.minecraft.string":4,"stat.killEntity.aoa3.void_walker":2,"stat.pickup.tombstone.crafting_ingredient":4,"stat.useItem.minecraft.milk_bucket":3,"stat.entityKilledBy.Skeleton":4,"stat.craftItem.minecraft.stone_slab2":0,"stat.killEntity.aoa3.cyclops":2,"stat.killEntity.Squid":2,"stat.sprintOneCm":459946,"stat.drop.minecraft.leather":16,"stat.pickup.morefurnaces.furnaceblock":4,"stat.craftItem.minecraft.wooden_axe":1,"stat.craftItem.minecraft.stick":100,"stat.craftItem.aoa3.amethyst_sword":1,"stat.craftItem.aoa3.rosite_ingot":20,"stat.mineBlock.minecraft.diamond_ore":11,"stat.mineBlock.minecraft.crafting_table":9,"stat.drop.aoa3.amethyst_shovel":1,"stat.entityKilledBy.Creeper":1,"stat.mineBlock.minecraft.planks":4,"stat.drop":83,"stat.killEntity.Sheep":1,"stat.pickup.aoa3.amethyst":10,"stat.killEntity.Zombie":10,"stat.craftItem.minecraft.dye":4,"stat.mineBlock.minecraft.gold_ore":63,"stat.diveOneCm":25804,"stat.useItem.aoa3.limonite_pickaxe":2254,"stat.drop.minecraft.wooden_pickaxe":1,"stat.pickup.minecraft.gravel":64,"stat.craftItem.minecraft.cooked_porkchop":9,"stat.useItem.minecraft.chicken":2,"stat.craftItem.travellersbackpack.travellers_backpack":2,"stat.useItem.minecraft.porkchop":1,"stat.entityKilledBy.aoa3.dicer":2,"stat.useItem.minecraft.rotten_flesh":1,"stat.drop.minecraft.cooked_porkchop":8,"stat.jump":3537,"stat.pickup.minecraft.coal":1097,"stat.pickup.minecraft.iron_ingot":32,"stat.pickup.randomthings.beans":5,"stat.pickup.aoa3.torn_cloth":1,"stat.useItem.minecraft.stone_axe":63,"stat.pickup.minecraft.gunpowder":2,"stat.pickup.minecraft.spider_eye":2,"stat.craftItem.minecraft.torch":176,"stat.pickup.minecraft.dirt":129,"stat.craftItem.minecraft.iron_helmet":3,"stat.mineBlock.wings.amethyst_ore":10,"stat.useItem.minecraft.cooked_chicken":10,"stat.pickup.minecraft.iron_ore":253,"stat.boatOneCm":195127,"stat.pickup.minecraft.gold_ore":69,"stat.mineBlock.minecraft.lapis_ore":28,"stat.pickup.minecraft.leaves":3,"stat.damageTaken":9328,"stat.pickup.minecraft.leather":33,"stat.mineBlock.minecraft.torch":16,"stat.mineBlock.minecraft.furnace":9,"stat.mineBlock.minecraft.red_flower":6,"stat.useItem.minecraft.wooden_pickaxe":32,"stat.pickup.minecraft.log2":76,"stat.entityKilledBy.aoa3.headless_hunter":2,"stat.pickup.minecraft.reeds":9,"stat.pickup.minecraft.potato":1,"stat.pickup.aoa3.chitin":1,"stat.damageDealt":14134,"stat.craftItem.minecraft.glass":131,"stat.entityKilledBy.aoa3.bugeye":1,"stat.craftItem.minecraft.baked_potato":22,"stat.mineBlock.aoa3.rosite_ore":20,"stat.killEntity.Cow":11,"stat.killEntity.Pig":4,"stat.mineBlock.aoa3.limonite_ore":31,"stat.pickup.minecraft.boat":1,"stat.walkOneCm":979970,"stat.animalsBred":1,"stat.useItem.minecraft.chest":1,"stat.pickup.dynamictrees.birchseed":42,"stat.pickup.minecraft.stick":78,"stat.craftItem.aoa3.amethyst_shovel":1,"stat.useItem.minecraft.lava_bucket":63,"stat.drop.minecraft.netherrack":71,"stat.useItem.aoa3.limonite_shovel":516,"stat.pickup.minecraft.stone":113,"stat.craftItem.minecraft.iron_chestplate":3,"stat.killEntity.aoa3.clown":1,"stat.pickup.minecraft.ender_pearl":3,"stat.useItem.minecraft.leaves":1,"stat.pickup.aoa3.rosite_ore":20,"stat.pickup.minecraft.cooked_beef":13,"stat.pickup.minecraft.gold_ingot":12,"stat.useItem.minecraft.netherrack":1,"stat.killEntity.Skeleton":3,"stat.killEntity.Chicken":12,"stat.killEntity.Spider":3,"stat.mobKills":81,"stat.craftItem.minecraft.shears":1,"stat.pickup.randomthings.glowingmushroom":2,"stat.useItem.minecraft.boat":3,"stat.pickup.minecraft.diamond":11,"stat.mineBlock.wings.fairy_dust_ore":36,"stat.pickup.minecraft.torch":24,"stat.mineBlock.minecraft.redstone_ore":17,"stat.pickup.wings.amethyst":10,"stat.useItem.aoa3.amethyst_sword":261,"stat.drop.minecraft.stone_axe":1,"stat.drop.minecraft.arrow":2,"stat.mineBlock.minecraft.stone":7103,"stat.craftItem.wings.angel_wings":1}