{"stat.craftItem.minecraft.stone_slab":6,"stat.walkOneCm":34512,"stat.useItem.minecraft.torch":3,"stat.pickup.dynamictrees.birchseed":6,"stat.pickup.minecraft.stick":11,"stat.useItem.minecraft.stone":2,"stat.leaveGame":2,"stat.pickup.minecraft.crafting_table":1,"stat.craftItem.minecraft.crafting_table":3,"stat.furnaceInteraction":24,"stat.mineBlock.minecraft.coal_ore":137,"stat.pickup.minecraft.gold_nugget":14,"stat.pickup.minecraft.log":18,"stat.jump":75,"stat.pickup.minecraft.coal":157,"stat.fallOneCm":687,"stat.pickup.minecraft.iron_ingot":4,"stat.pickup.minecraft.iron_pickaxe":1,"stat.craftItem.minecraft.stone_slab2":0,"stat.craftItem.minecraft.gold_ingot":16,"stat.pickup.minecraft.stone":30,"stat.craftItem.minecraft.iron_chestplate":1,"stat.crouchOneCm":1493,"stat.craftItem.minecraft.torch":12,"stat.craftItem.minecraft.iron_ingot":34,"stat.pickup.minecraft.dirt":12,"stat.pickup.wings.fairy_dust":24,"stat.craftItem.minecraft.iron_helmet":1,"stat.sprintOneCm":26474,"stat.useItem.minecraft.stone_slab2":19,"stat.craftItem.minecraft.stick":52,"stat.craftingTableInteraction":14,"stat.pickup.minecraft.iron_ore":52,"stat.craftItem.minecraft.furnace":10,"stat.pickup.aoa3.scrap_metal":13,"stat.pickup.minecraft.gold_ore":19,"stat.craftItem.minecraft.planks":72,"stat.mineBlock.minecraft.diamond_ore":9,"stat.damageTaken":240,"stat.mineBlock.minecraft.crafting_table":1,"stat.useItem.minecraft.diamond_pickaxe":8,"stat.craftItem.minecraft.stone_pickaxe":12,"stat.useItem.minecraft.wooden_pickaxe":118,"stat.useItem.minecraft.furnace":7,"stat.pickup.minecraft.cobblestone":1260,"stat.pickup.dynamictrees.oakseed":2,"stat.flyOneCm":4830,"stat.deaths":1,"stat.pickup.minecraft.diamond":9,"stat.mineBlock.wings.fairy_dust_ore":24,"stat.craftItem.minecraft.golden_boots":1,"stat.playOneMinute":34319,"stat.pickup.minecraft.torch":2,"stat.useItem.minecraft.stone_pickaxe":1444,"stat.mineBlock.minecraft.redstone_ore":5,"stat.sneakTime":2674,"stat.craftItem.minecraft.iron_pickaxe":2,"stat.craftItem.minecraft.iron_leggings":1,"stat.damageDealt":10,"stat.craftItem.minecraft.diamond_pickaxe":1,"stat.entityKilledBy.aoa3.bugeye":1,"stat.pickup.minecraft.redstone":22,"stat.mineBlock.minecraft.iron_ore":52,"stat.timeSinceDeath":16889,"stat.mineBlock.aoa3.jade_ore":14,"stat.mineBlock.minecraft.dirt":4,"stat.useItem.minecraft.iron_pickaxe":140,"stat.craftItem.minecraft.wooden_pickaxe":3,"stat.mineBlock.minecraft.stone":1463,"stat.mineBlock.minecraft.gold_ore":19,"stat.pickup.aoa3.jade":14}