{"stat.drop.aoa3.fire_lamp_off":16,"stat.mineBlock.aoa3.deep_crystal":1,"stat.pickup.simplecorn.corncob":14,"stat.killEntity.aoa3.rock_critter":3,"stat.leaveGame":2,"stat.useItem.minecraft.bookshelf":6,"stat.pickup.aoa3.deeplands_realmstone":1,"stat.craftItem.minecraft.iron_axe":2,"stat.mineBlock.aoa3.ancient_rock":41,"stat.killEntity.Blaze":16,"stat.killEntity.aoa3.shade":2,"stat.craftItem.minecraft.ender_eye":1,"stat.craftItem.minecraft.shield":2,"stat.useItem.minecraft.planks":1,"stat.drop.minecraft.feather":2,"stat.pickup.minecraft.porkchop":43,"stat.killEntity.aoa3.goblin":1,"stat.useItem.minecraft.water_bucket":16,"stat.pickup.minecraft.rotten_flesh":14,"stat.pickup.aoa3.scrap_metal":59,"stat.killEntity.aoa3.bugeye":4,"stat.entityKilledBy.aoa3.goblin":1,"stat.entityKilledBy.aoa3.rock_crawler":1,"stat.craftItem.minecraft.stone_axe":1,"stat.useItem.aoa3.stone_bowl":51,"stat.useItem.aoa3.sapphire_sword":264,"stat.craftItem.minecraft.stone_sword":1,"stat.useItem.randomthings.beans":3,"stat.craftItem.minecraft.blaze_powder":22,"stat.useItem.minecraft.iron_pickaxe":1500,"stat.drop.minecraft.ender_eye":1,"stat.craftItem.minecraft.wooden_pickaxe":1,"stat.killEntity.aoa3.wither_wizard":1,"stat.pickup.aoa3.jade":31,"stat.killEntity.aoa3.rock_crawler":2,"stat.useItem.aoa3.fire_lamp_off":3,"stat.furnaceInteraction":69,"stat.killEntity.ZombieVillager":1,"stat.killEntity.aoa3.modulo":1,"stat.pickup.minecraft.nether_brick":3,"stat.entityKilledBy.WitherSkeleton":1,"stat.mineBlock.minecraft.birch_stairs":13,"stat.useItem.dynamictrees.birchseed":4,"stat.pickup.minecraft.beef":63,"stat.pickup.minecraft.furnace":3,"stat.useItem.minecraft.cooked_mutton":2,"stat.pickup.aoa3.carved_rune_travel":3,"stat.pickup.travellersbackpack.travellers_backpack":1,"stat.useItem.minecraft.flint_and_steel":2,"stat.entityKilledBy.aoa3.lelyetian_warrior":1,"stat.useItem.aoa3.carved_rune_reality":3,"stat.killEntity.aoa3.furlion":1,"stat.pickup.dynamictrees.oakseed":6,"stat.useItem.minecraft.dye":2,"stat.deaths":13,"stat.pickup.minecraft.egg":11,"stat.playOneMinute":232245,"stat.killEntity.aoa3.night_reaper":1,"stat.pickup.minecraft.blaze_rod":11,"stat.craftItem.minecraft.iron_pickaxe":6,"stat.mineBlock.aoa3.sapphire_ore":12,"stat.mineBlock.aoa3.jade_ore":31,"stat.pickup.aoa3.carved_rune_reality":5,"stat.mineBlock.minecraft.tallgrass":13,"stat.pickup.minecraft.netherrack":11,"stat.craftItem.minecraft.cooked_mutton":2,"stat.mineBlock.aoa3.lelyetian_wiggler_top":1,"stat.chestOpened":48,"stat.pickup.aoa3.ancient_rock":39,"stat.useItem.minecraft.stone":2,"stat.mineBlock.minecraft.netherrack":11,"stat.pickup.minecraft.arrow":7,"stat.mineBlock.aoa3.amethyst_ore":6,"stat.pickup.minecraft.gold_nugget":116,"stat.drop.aoa3.carved_rune_reality":1,"stat.fallOneCm":31394,"stat.drop.minecraft.stone":106,"stat.crouchOneCm":13995,"stat.craftItem.minecraft.iron_ingot":71,"stat.craftItem.aoa3.infusion_table":1,"stat.killEntity.aoa3.glistening_pixon":7,"stat.craftingTableInteraction":32,"stat.killEntity.aoa3.ghostine_ancient":1,"stat.killEntity.aoa3.flye":4,"stat.mineBlock.aoa3.deep_grass":6,"stat.pickup.minecraft.feather":15,"stat.drop.minecraft.bone":3,"stat.mineBlock.aoa3.carved_rune_space":2,"stat.killEntity.aoa3.desert_charger":1,"stat.pickup.minecraft.dye":51,"stat.pickup.minecraft.planks":14,"stat.killEntity.aoa3.shadow":2,"stat.pickup.minecraft.wheat_seeds":1,"stat.useItem.aoa3.jade_pickaxe":3900,"stat.mineBlock.minecraft.gravel":14,"stat.useItem.minecraft.stone_pickaxe":4454,"stat.craftItem.minecraft.birch_stairs":24,"stat.useItem.minecraft.stone_sword":77,"stat.craftItem.minecraft.iron_leggings":1,"stat.mineBlock.minecraft.dirt":14,"stat.useItem.minecraft.torch":158,"stat.drop.randomthings.glowingmushroom":2,"stat.pickup.minecraft.iron_nugget":1,"stat.drop.minecraft.rotten_flesh":2,"stat.pickup.minecraft.crafting_table":1,"stat.useItem.minecraft.cobblestone":240,"stat.craftItem.minecraft.crafting_table":2,"stat.useItem.minecraft.gravel":3,"stat.pickup.aoa3.runium_ore":11,"stat.mineBlock.aoa3.lelyetian_stem_cap":1,"stat.useItem.dynamictrees.oakseed":3,"stat.pickup.minecraft.log":48,"stat.drop.minecraft.chicken":1,"stat.pickup.minecraft.iron_pickaxe":1,"stat.useItem.aoa3.holly_top_seeds":5,"stat.mineBlock.aoa3.lelyetian_grass":1,"stat.craftItem.minecraft.stone_button":1,"stat.craftItem.minecraft.gold_ingot":15,"stat.pickup.minecraft.chicken":14,"stat.killEntity.aoa3.rockbiter":1,"stat.pickup.aoa3.sapphire":11,"stat.useItem.simplecorn.corncob":14,"stat.killEntity.aoa3.bone_creature":2,"stat.craftItem.minecraft.bucket":1,"stat.craftItem.minecraft.planks":192,"stat.itemEnchanted":7,"stat.killEntity.WitherSkeleton":4,"stat.pickup.aoa3.raw_charger_shank":1,"stat.pickup.minecraft.book":24,"stat.craftItem.minecraft.cooked_chicken":14,"stat.craftItem.minecraft.paper":18,"stat.mineBlock.aoa3.fire_lamp_off":3,"stat.sneakTime":5122,"stat.pickup.minecraft.wool":6,"stat.pickup.aoa3.copper_coin":22,"stat.pickup.minecraft.yellow_flower":1,"stat.craftItem.minecraft.enchanting_table":1,"stat.pickup.minecraft.bone":5,"stat.entityKilledBy.aoa3.lelyetian_caster":1,"stat.killEntity.aoa3.walker":1,"stat.craftItem.aoa3.runium_chunk":11,"stat.useItem.minecraft.iron_axe":26,"stat.mineBlock.minecraft.cobblestone":23,"stat.pickup.minecraft.flint":1,"stat.mineBlock.minecraft.yellow_flower":1,"stat.mineBlock.randomthings.specialchest":1,"stat.swimOneCm":12453,"stat.killEntity.aoa3.nightfly":1,"stat.craftItem.aoa3.amethyst_pickaxe":2,"stat.climbOneCm":45073,"stat.pickup.aoa3.yellow_spores":2,"stat.drop.minecraft.cobblestone":253,"stat.mineBlock.aoa3.carved_rune_direction":2,"stat.useItem.minecraft.dirt":7,"stat.pickup.wings.fairy_dust":13,"stat.useItem.minecraft.stone_slab2":132,"stat.craftItem.aoa3.unpowered_rune":112,"stat.craftItem.minecraft.furnace":2,"stat.killEntity.aoa3.wickett":1,"stat.useItem.minecraft.egg":8,"stat.craftItem.minecraft.iron_boots":3,"stat.useItem.minecraft.iron_ore":1,"stat.useItem.aoa3.amethyst_pickaxe":2400,"stat.mineBlock.aoa3.fire_lamp":16,"stat.craftItem.minecraft.stone_pickaxe":34,"stat.craftItem.minecraft.cooked_beef":58,"stat.pickup.minecraft.cobblestone":14689,"stat.killEntity.aoa3.sphinx":1,"stat.mineBlock.minecraft.carpet":1,"stat.flyOneCm":1183230,"stat.craftItem.aoa3.stone_bowl":1,"stat.drop.minecraft.wheat_seeds":1,"stat.useItem.minecraft.cooked_beef":58,"stat.mineBlock.minecraft.iron_ore":120,"stat.timeSinceDeath":26676,"stat.craftItem.aoa3.jade_pickaxe":6,"stat.craftItem.minecraft.iron_block":3,"stat.drop.minecraft.coal":5,"stat.killEntity.aoa3.dweller":2,"stat.pickup.minecraft.nether_wart":20,"stat.pickup.aoa3.carved_rune_direction":2,"stat.useItem.minecraft.cooked_porkchop":2,"stat.pickup.minecraft.carpet":1,"stat.mineBlock.minecraft.coal_ore":167,"stat.mineBlock.minecraft.nether_brick":3,"stat.pickup.minecraft.shield":1,"stat.killEntity.Creeper":3,"stat.talkedToVillager":1,"stat.pickup.minecraft.string":1,"stat.killEntity.aoa3.void_walker":1,"stat.drop.aoa3.blank_realmstone":1,"stat.pickup.tombstone.crafting_ingredient":6,"stat.pickup.randomthings.specialchest":1,"stat.craftItem.minecraft.stone_slab2":0,"stat.pickup.aoa3.fire_lamp_off":19,"stat.killEntity.aoa3.cyclops":1,"stat.pickup.minecraft.birch_stairs":13,"stat.killEntity.aoa3.lelyetian_warrior":2,"stat.sprintOneCm":380517,"stat.pickup.aoa3.tea_seeds":1,"stat.craftItem.minecraft.stick":178,"stat.pickup.aoa3.holly_top_seeds":10,"stat.drop.aoa3.scrap_metal":2,"stat.mineBlock.minecraft.diamond_ore":58,"stat.mineBlock.minecraft.crafting_table":1,"stat.useItem.minecraft.diamond_pickaxe":6459,"stat.useItem.minecraft.carrot":16,"stat.mineBlock.minecraft.planks":4,"stat.drop":41,"stat.pickup.minecraft.stone_button":2,"stat.craftItem.aoa3.frame_bench":1,"stat.pickup.aoa3.flammable_dust":1,"stat.pickup.aoa3.amethyst":6,"stat.craftItem.minecraft.diamond_pickaxe":5,"stat.killEntity.aoa3.brute":3,"stat.killEntity.Zombie":9,"stat.craftItem.minecraft.dye":3,"stat.drop.aoa3.raw_furlion_chop":1,"stat.useItem.minecraft.birch_stairs":14,"stat.mineBlock.minecraft.gold_ore":4,"stat.diveOneCm":8675,"stat.killEntity.aoa3.cave_creep":1,"stat.pickup.aoa3.holly_top_petals":4,"stat.mineBlock.minecraft.stone_button":1,"stat.entityKilledBy.aoa3.rockbiter":2,"stat.pickup.minecraft.gravel":13,"stat.craftItem.minecraft.cooked_porkchop":43,"stat.mineBlock.aoa3.carved_rune_travel":3,"stat.drop.minecraft.golden_shovel":1,"stat.mineBlock.minecraft.deadbush":1,"stat.drop.aoa3.deeplands_realmstone":1,"stat.pickup.aoa3.boney_block":1,"stat.pickup.minecraft.obsidian":5,"stat.mineBlock.aoa3.deep_blooms":3,"stat.mineBlock.aoa3.boney_block":2,"stat.useItem.minecraft.rotten_flesh":2,"stat.entityKilledBy.aoa3.ghostly_night_reaper":1,"stat.jump":2598,"stat.pickup.minecraft.coal":291,"stat.pickup.minecraft.iron_ingot":1,"stat.pickup.randomthings.beans":4,"stat.mineBlock.aoa3.lelyetian_stem":1,"stat.pickup.aoa3.torn_cloth":1,"stat.useItem.minecraft.stone_axe":60,"stat.pickup.minecraft.gunpowder":247,"stat.craftItem.aoa3.carved_rune_power":1,"stat.craftItem.minecraft.torch":208,"stat.pickup.minecraft.dirt":20,"stat.craftItem.minecraft.iron_helmet":1,"stat.mineBlock.wings.amethyst_ore":22,"stat.mineBlock.aoa3.carved_rune_reality":4,"stat.useItem.minecraft.cooked_chicken":14,"stat.pickup.minecraft.iron_ore":113,"stat.pickup.minecraft.gold_ore":4,"stat.mineBlock.minecraft.lapis_ore":8,"stat.craftItem.minecraft.flint_and_steel":1,"stat.damageTaken":8532,"stat.pickup.minecraft.leather":30,"stat.mineBlock.minecraft.furnace":3,"stat.mineBlock.minecraft.torch":2,"stat.useItem.minecraft.wooden_pickaxe":22,"stat.craftItem.aoa3.sapphire_sword":1,"stat.pickup.minecraft.ender_eye":1,"stat.damageDealt":32189,"stat.drop.randomthings.lavacharm":1,"stat.craftItem.minecraft.anvil":1,"stat.mineBlock.aoa3.rosite_ore":7,"stat.killEntity.Cow":36,"stat.killEntity.Pig":21,"stat.killEntity.aoa3.ghost":1,"stat.walkOneCm":706372,"stat.pickup.dynamictrees.birchseed":9,"stat.pickup.minecraft.stick":41,"stat.drop.minecraft.vine":14,"stat.useItem.minecraft.lava_bucket":3,"stat.useItem.aoa3.ancient_rock":20,"stat.drop.minecraft.netherrack":8,"stat.pickup.aoa3.carved_rune_space":2,"stat.pickup.minecraft.stone":722,"stat.craftItem.minecraft.iron_chestplate":1,"stat.entityKilledBy.aoa3.flye":5,"stat.pickup.minecraft.ender_pearl":68,"stat.pickup.aoa3.rosite_ore":7,"stat.pickup.minecraft.cooked_beef":2,"stat.killEntity.Skeleton":5,"stat.killEntity.aoa3.flamewalker":1,"stat.craftItem.minecraft.bookshelf":7,"stat.killEntity.Chicken":13,"stat.killEntity.Spider":1,"stat.mobKills":159,"stat.mineBlock.minecraft.bookshelf":8,"stat.craftItem.minecraft.shears":2,"stat.pickup.randomthings.glowingmushroom":2,"stat.pickup.aoa3.deeplands_tokens":22,"stat.craftItem.minecraft.golden_shovel":2,"stat.pickup.minecraft.diamond":59,"stat.pickup.aoa3.raw_furlion_chop":1,"stat.mineBlock.wings.fairy_dust_ore":13,"stat.pickup.minecraft.torch":12,"stat.drop.aoa3.tea_seeds":1,"stat.pickup.wings.amethyst":22,"stat.drop.minecraft.stone_axe":1,"stat.drop.minecraft.arrow":4,"stat.mineBlock.minecraft.stone":18214,"stat.craftItem.wings.angel_wings":1}