{"stat.drop.minecraft.stone_pickaxe":2,"stat.pickup.minecraft.tripwire_hook":2,"stat.craftItem.aoa3.limonite_pickaxe":1,"stat.pickup.minecraft.bone":3,"stat.pickup.minecraft.stone_pressure_plate":4,"stat.pickup.minecraft.redstone_torch":1,"stat.pickup.simplecorn.corncob":7,"stat.useItem.minecraft.iron_axe":25,"stat.leaveGame":2,"stat.mineBlock.minecraft.cobblestone":9,"stat.pickup.minecraft.stone_pickaxe":3,"stat.mineBlock.minecraft.yellow_flower":6,"stat.pickup.aoa3.deeplands_realmstone":1,"stat.craftItem.minecraft.iron_axe":1,"stat.mineBlock.aoa3.ancient_rock":1,"stat.useItem.minecraft.diamond_sword":105,"stat.mineBlock.minecraft.sandstone":8,"stat.swimOneCm":30434,"stat.killEntity.aoa3.nightfly":1,"stat.climbOneCm":109308,"stat.useItem.minecraft.planks":16,"stat.drop.minecraft.cobblestone":1,"stat.pickup.minecraft.cooked_porkchop":4,"stat.pickup.aoa3.blank_realmstone":4,"stat.pickup.minecraft.porkchop":9,"stat.pickup.travellersbackpack.backpack_tank":2,"stat.pickup.wings.fairy_dust":42,"stat.useItem.minecraft.dirt":23,"stat.useItem.minecraft.stone_slab2":95,"stat.pickup.minecraft.rotten_flesh":4,"stat.pickup.minecraft.diamond_horse_armor":1,"stat.pickup.minecraft.sand":4,"stat.pickup.aoa3.scrap_metal":43,"stat.craftItem.minecraft.furnace":2,"stat.useItem.minecraft.red_flower":12,"stat.entityKilledBy.aoa3.rock_crawler":2,"stat.craftItem.minecraft.iron_boots":1,"stat.craftItem.minecraft.stone_pickaxe":65,"stat.craftItem.minecraft.cooked_beef":39,"stat.pickup.minecraft.shears":1,"stat.pickup.minecraft.cobblestone":8100,"stat.mineBlock.minecraft.carpet":1,"stat.drop.aoa3.limonite_sword":1,"stat.flyOneCm":562672,"stat.pickup.minecraft.sandstone":8,"stat.useItem.minecraft.ender_pearl":1,"stat.useItem.randomthings.beans":2,"stat.mineBlock.minecraft.sand":4,"stat.craftItem.wings.evil_wings":1,"stat.killEntity.aoa3.bomb_carrier":1,"stat.useItem.minecraft.cooked_beef":38,"stat.pickup.minecraft.redstone":8,"stat.mineBlock.minecraft.iron_ore":80,"stat.timeSinceDeath":67868,"stat.drop.aoa3.runium_ore":11,"stat.useItem.minecraft.iron_pickaxe":1250,"stat.drop.minecraft.diamond":2,"stat.useItem.minecraft.sign":1,"stat.pickup.minecraft.stained_hardened_clay":1,"stat.craftItem.minecraft.wooden_pickaxe":1,"stat.pickup.aoa3.jade":6,"stat.pickup.minecraft.mutton":2,"stat.pickup.minecraft.mossy_cobblestone":6,"stat.pickup.aoa3.limonite_ore":15,"stat.pickup.dynamictrees.darkoakseed":1,"stat.useItem.aoa3.carved_rune_travel":1,"stat.pickup.minecraft.wooden_axe":1,"stat.useItem.simplecorn.roastedcorn":4,"stat.mineBlock.minecraft.vine":2,"stat.pickup.minecraft.stonebrick":3,"stat.furnaceInteraction":40,"stat.useItem.minecraft.cooked_porkchop":9,"stat.craftItem.aoa3.limonite_ingot":5,"stat.pickup.minecraft.carpet":1,"stat.killEntity.ZombieVillager":1,"stat.mineBlock.minecraft.coal_ore":225,"stat.talkedToVillager":3,"stat.mineBlock.minecraft.red_mushroom_block":1,"stat.pickup.minecraft.string":2,"stat.pickup.minecraft.fence_gate":1,"stat.useItem.aoa3.carved_rune_direction":1,"stat.useItem.aoa3.limonite_sword":59,"stat.pickup.minecraft.beef":74,"stat.pickup.minecraft.furnace":1,"stat.pickup.tombstone.crafting_ingredient":2,"stat.entityKilledBy.Skeleton":1,"stat.craftItem.minecraft.stone_slab2":0,"stat.drop.minecraft.obsidian":7,"stat.pickup.travellersbackpack.travellers_backpack":4,"stat.pickup.randomthings.slimecube":2,"stat.mineBlock.minecraft.stained_hardened_clay":1,"stat.sprintOneCm":734399,"stat.mineBlock.randomthings.slimecube":2,"stat.useItem.minecraft.fence":9,"stat.pickup.minecraft.skull":1,"stat.craftItem.minecraft.wooden_axe":1,"stat.craftItem.minecraft.stick":228,"stat.killEntity.Horse":1,"stat.craftItem.aoa3.rosite_ingot":2,"stat.mineBlock.minecraft.diamond_ore":21,"stat.craftItem.minecraft.fence_gate":1,"stat.mineBlock.minecraft.crafting_table":1,"stat.useItem.minecraft.diamond_pickaxe":1790,"stat.useItem.aoa3.carved_rune_reality":3,"stat.useItem.randomthings.slimecube":5,"stat.pickup.minecraft.saddle":2,"stat.pickup.dynamictrees.oakseed":12,"stat.entityKilledBy.Creeper":3,"stat.useItem.minecraft.beef":1,"stat.pickup.minecraft.sugar":4,"stat.pickup.aoa3.rosite_ingot":5,"stat.pickup.minecraft.lever":1,"stat.deaths":18,"stat.mineBlock.minecraft.planks":6,"stat.drop":31,"stat.pickup.minecraft.egg":10,"stat.playOneMinute":378719,"stat.killEntity.aoa3.night_reaper":1,"stat.mineBlock.minecraft.stone_pressure_plate":4,"stat.killEntity.Sheep":1,"stat.craftItem.minecraft.iron_pickaxe":5,"stat.pickup.aoa3.amethyst":2,"stat.mineBlock.aoa3.sapphire_ore":1,"stat.craftItem.minecraft.diamond_pickaxe":2,"stat.killEntity.Zombie":2,"stat.pickup.minecraft.iron_bars":2,"stat.mineBlock.aoa3.jade_ore":6,"stat.craftItem.minecraft.diamond_axe":1,"stat.mineBlock.minecraft.gold_ore":13,"stat.pickup.aoa3.carved_rune_reality":1,"stat.mineBlock.minecraft.tallgrass":65,"stat.diveOneCm":73785,"stat.useItem.aoa3.limonite_pickaxe":350,"stat.chestOpened":134,"stat.pickup.minecraft.pumpkin":3,"stat.useItem.minecraft.splash_potion":1,"stat.mineBlock.minecraft.mossy_cobblestone":6,"stat.craftItem.minecraft.sign":3,"stat.pickup.aoa3.ancient_rock":1,"stat.drop.aoa3.emberstone_sword":1,"stat.pickup.minecraft.gravel":2,"stat.pickup.minecraft.waterlily":2,"stat.pickup.minecraft.arrow":4,"stat.craftItem.minecraft.cooked_porkchop":9,"stat.drop.minecraft.cooked_beef":2,"stat.useItem.minecraft.diamond_axe":48,"stat.craftItem.aoa3.duster":1,"stat.mineBlock.aoa3.amethyst_ore":2,"stat.craftItem.travellersbackpack.travellers_backpack":1,"stat.mineBlock.minecraft.deadbush":1,"stat.drop.aoa3.deeplands_realmstone":1,"stat.pickup.minecraft.obsidian":2,"stat.pickup.minecraft.gold_nugget":63,"stat.pickup.simplecorn.kernels":1,"stat.pickup.minecraft.diamond_sword":1,"stat.craftItem.minecraft.diamond_sword":1,"stat.craftItem.minecraft.iron_nugget":9,"stat.jump":3344,"stat.pickup.minecraft.coal":436,"stat.fallOneCm":162742,"stat.pickup.minecraft.iron_ingot":20,"stat.pickup.randomthings.beans":8,"stat.drop.travellersbackpack.travellers_backpack":1,"stat.pickup.minecraft.gunpowder":151,"stat.crouchOneCm":3430,"stat.craftItem.minecraft.chest":5,"stat.craftItem.minecraft.torch":128,"stat.craftItem.minecraft.iron_ingot":21,"stat.pickup.minecraft.dirt":86,"stat.craftItem.minecraft.iron_helmet":1,"stat.mineBlock.minecraft.lever":1,"stat.mineBlock.wings.amethyst_ore":6,"stat.mineBlock.aoa3.carved_rune_reality":1,"stat.useItem.minecraft.cooked_chicken":28,"stat.craftingTableInteraction":46,"stat.pickup.minecraft.iron_ore":90,"stat.useItem.minecraft.glass":7,"stat.pickup.minecraft.gold_ore":13,"stat.mineBlock.minecraft.iron_bars":2,"stat.mineBlock.minecraft.lapis_ore":6,"stat.pickup.minecraft.repeater":1,"stat.pickup.minecraft.wooden_pickaxe":2,"stat.brewingstandInteraction":1,"stat.damageTaken":10413,"stat.pickup.minecraft.feather":46,"stat.pickup.minecraft.leather":21,"stat.useItem.aoa3.jade_sword":8,"stat.drop.minecraft.bone":1,"stat.mineBlock.minecraft.red_flower":18,"stat.mineBlock.minecraft.torch":3,"stat.useItem.minecraft.wooden_pickaxe":11,"stat.dispenserInspected":4,"stat.tradedWithVillager":5,"stat.killEntity.aoa3.demon_reaper":1,"stat.pickup.aoa3.worn_book":1,"stat.mineBlock.randomthings.beanpod":1,"stat.pickup.minecraft.ender_eye":1,"stat.pickup.minecraft.log2":65,"stat.pickup.minecraft.dye":98,"stat.pickup.minecraft.planks":7,"stat.entityKilledBy.aoa3.headless_hunter":1,"stat.craftItem.aoa3.jade_sword":1,"stat.pickup.randomthings.ingredient":1,"stat.pickup.minecraft.wheat_seeds":6,"stat.killEntity.aoa3.shik":1,"stat.mineBlock.minecraft.fence_gate":1,"stat.useItem.randomthings.ingredient":1,"stat.mineBlock.minecraft.gravel":2,"stat.useItem.minecraft.stone_pickaxe":8374,"stat.mineBlock.minecraft.glass":1,"stat.craftItem.minecraft.iron_leggings":1,"stat.killEntity.aoa3.irkling":1,"stat.damageDealt":8405,"stat.craftItem.minecraft.glass":64,"stat.killEntity.Cow":26,"stat.useItem.minecraft.crafting_table":1,"stat.mineBlock.minecraft.dirt":27,"stat.killEntity.Pig":4,"stat.pickup.aoa3.amethyst_sword":1,"stat.craftItem.minecraft.iron_sword":1,"stat.mineBlock.aoa3.limonite_ore":14,"stat.mineBlock.randomthings.naturecore":1,"stat.walkOneCm":698205,"stat.useItem.minecraft.torch":18,"stat.pickup.aoa3.emberstone_sword":1,"stat.useItem.minecraft.chest":3,"stat.playerKills":1,"stat.pickup.dynamictrees.birchseed":34,"stat.pickup.minecraft.stick":123,"stat.pickup.minecraft.iron_nugget":2,"stat.drop.minecraft.rotten_flesh":1,"stat.pickup.minecraft.crafting_table":2,"stat.useItem.minecraft.cobblestone":95,"stat.craftItem.minecraft.crafting_table":6,"stat.useItem.minecraft.gold_ore":3,"stat.craftItem.randomthings.ingredient":1,"stat.craftItem.travellersbackpack.sleeping_bag_bottom":1,"stat.useItem.aoa3.ancient_rock":14,"stat.pickup.minecraft.log":175,"stat.entityKilledBy.aoa3.hag":1,"stat.craftItem.aoa3.limonite_sword":1,"stat.pickup.openblocks.info_book":2,"stat.pickup.minecraft.tnt":2,"stat.craftItem.minecraft.gold_ingot":7,"stat.pickup.minecraft.stone":130,"stat.craftItem.minecraft.iron_chestplate":1,"stat.pickup.minecraft.chicken":32,"stat.killEntity.aoa3.clown":1,"stat.pickup.minecraft.ender_pearl":37,"stat.pickup.minecraft.wooden_door":1,"stat.pickup.aoa3.sapphire":1,"stat.pickup.minecraft.cooked_beef":3,"stat.pickup.minecraft.ladder":2,"stat.craftItem.simplecorn.roastedcorn":4,"stat.pickup.minecraft.gold_ingot":21,"stat.useItem.simplecorn.corncob":3,"stat.killEntity.Skeleton":2,"stat.mineBlock.minecraft.tripwire_hook":1,"stat.killEntity.aoa3.bone_creature":1,"stat.mineBlock.minecraft.stonebrick":3,"stat.craftItem.minecraft.planks":704,"stat.useItem.minecraft.iron_sword":209,"stat.killEntity.Chicken":33,"stat.mineBlock.minecraft.redstone_torch":1,"stat.killEntity.Spider":1,"stat.mobKills":79,"stat.pickup.randomthings.naturecore":1,"stat.pickup.minecraft.book":21,"stat.mineBlock.minecraft.log":16,"stat.mineBlock.minecraft.bookshelf":7,"stat.craftItem.minecraft.fence":24,"stat.mineBlock.minecraft.waterlily":2,"stat.craftItem.minecraft.cooked_chicken":31,"stat.pickup.minecraft.golden_shovel":1,"stat.pickup.minecraft.diamond":27,"stat.mineBlock.minecraft.leaves":12,"stat.mineBlock.wings.fairy_dust_ore":10,"stat.pickup.minecraft.torch":4,"stat.pickup.minecraft.red_flower":18,"stat.mineBlock.minecraft.redstone_ore":1,"stat.sneakTime":1877,"stat.pickup.wings.amethyst":6,"stat.pickup.minecraft.wool":10,"stat.pickup.aoa3.copper_coin":16,"stat.useItem.minecraft.wooden_axe":5,"stat.pickup.minecraft.yellow_flower":9,"stat.mineBlock.minecraft.stone":11394,"stat.pickup.minecraft.chest":2}