{"stat.pickup.minecraft.bone":5,"stat.drop.aoa3.fire_lamp_off":16,"stat.killEntity.aoa3.walker":1,"stat.pickup.simplecorn.corncob":5,"stat.leaveGame":1,"stat.mineBlock.minecraft.cobblestone":20,"stat.pickup.minecraft.flint":1,"stat.mineBlock.minecraft.yellow_flower":1,"stat.mineBlock.aoa3.ancient_rock":21,"stat.killEntity.Blaze":16,"stat.killEntity.aoa3.shade":2,"stat.mineBlock.randomthings.specialchest":1,"stat.swimOneCm":7009,"stat.craftItem.aoa3.amethyst_pickaxe":2,"stat.craftItem.minecraft.shield":1,"stat.useItem.minecraft.planks":1,"stat.drop.minecraft.cobblestone":253,"stat.drop.minecraft.feather":2,"stat.useItem.minecraft.dirt":4,"stat.pickup.wings.fairy_dust":13,"stat.useItem.minecraft.stone_slab2":101,"stat.useItem.minecraft.water_bucket":1,"stat.pickup.minecraft.rotten_flesh":5,"stat.craftItem.minecraft.furnace":2,"stat.pickup.aoa3.scrap_metal":53,"stat.killEntity.aoa3.bugeye":2,"stat.killEntity.aoa3.wickett":1,"stat.craftItem.minecraft.stone_axe":1,"stat.craftItem.minecraft.iron_boots":1,"stat.useItem.minecraft.iron_ore":1,"stat.useItem.aoa3.amethyst_pickaxe":2400,"stat.mineBlock.aoa3.fire_lamp":16,"stat.craftItem.minecraft.stone_pickaxe":34,"stat.craftItem.minecraft.cooked_beef":46,"stat.useItem.aoa3.sapphire_sword":85,"stat.pickup.minecraft.cobblestone":13729,"stat.killEntity.aoa3.sphinx":1,"stat.mineBlock.minecraft.carpet":1,"stat.craftItem.minecraft.stone_sword":1,"stat.flyOneCm":785650,"stat.useItem.randomthings.beans":3,"stat.useItem.minecraft.cooked_beef":46,"stat.mineBlock.minecraft.iron_ore":79,"stat.timeSinceDeath":13830,"stat.useItem.minecraft.iron_pickaxe":1500,"stat.craftItem.aoa3.jade_pickaxe":6,"stat.craftItem.minecraft.wooden_pickaxe":1,"stat.killEntity.aoa3.wither_wizard":1,"stat.pickup.aoa3.jade":28,"stat.drop.minecraft.coal":5,"stat.useItem.aoa3.fire_lamp_off":3,"stat.pickup.minecraft.nether_wart":20,"stat.furnaceInteraction":66,"stat.pickup.minecraft.carpet":1,"stat.killEntity.ZombieVillager":1,"stat.mineBlock.minecraft.coal_ore":167,"stat.mineBlock.minecraft.nether_brick":3,"stat.pickup.minecraft.shield":1,"stat.killEntity.Creeper":1,"stat.killEntity.aoa3.modulo":1,"stat.talkedToVillager":1,"stat.pickup.minecraft.nether_brick":3,"stat.entityKilledBy.WitherSkeleton":1,"stat.killEntity.aoa3.void_walker":1,"stat.useItem.dynamictrees.birchseed":3,"stat.pickup.minecraft.beef":51,"stat.pickup.minecraft.furnace":3,"stat.pickup.tombstone.crafting_ingredient":5,"stat.pickup.randomthings.specialchest":1,"stat.craftItem.minecraft.stone_slab2":0,"stat.pickup.aoa3.fire_lamp_off":19,"stat.killEntity.aoa3.cyclops":1,"stat.pickup.travellersbackpack.travellers_backpack":1,"stat.sprintOneCm":217394,"stat.pickup.aoa3.tea_seeds":1,"stat.craftItem.minecraft.stick":170,"stat.pickup.aoa3.holly_top_seeds":3,"stat.drop.aoa3.scrap_metal":2,"stat.mineBlock.minecraft.diamond_ore":58,"stat.useItem.minecraft.flint_and_steel":2,"stat.mineBlock.minecraft.crafting_table":1,"stat.useItem.minecraft.diamond_pickaxe":5554,"stat.killEntity.aoa3.furlion":1,"stat.pickup.dynamictrees.oakseed":6,"stat.useItem.minecraft.dye":2,"stat.deaths":1,"stat.drop":28,"stat.pickup.minecraft.egg":3,"stat.playOneMinute":129070,"stat.killEntity.aoa3.night_reaper":1,"stat.pickup.minecraft.blaze_rod":11,"stat.pickup.minecraft.stone_button":2,"stat.pickup.aoa3.flammable_dust":1,"stat.craftItem.minecraft.iron_pickaxe":6,"stat.pickup.aoa3.amethyst":6,"stat.mineBlock.aoa3.sapphire_ore":12,"stat.craftItem.minecraft.diamond_pickaxe":4,"stat.killEntity.aoa3.brute":1,"stat.killEntity.Zombie":4,"stat.craftItem.minecraft.dye":3,"stat.drop.aoa3.raw_furlion_chop":1,"stat.mineBlock.aoa3.jade_ore":28,"stat.mineBlock.minecraft.gold_ore":4,"stat.mineBlock.minecraft.tallgrass":9,"stat.pickup.minecraft.netherrack":11,"stat.diveOneCm":2739,"stat.chestOpened":21,"stat.pickup.aoa3.holly_top_petals":1,"stat.pickup.aoa3.ancient_rock":19,"stat.useItem.minecraft.stone":2,"stat.mineBlock.minecraft.stone_button":1,"stat.mineBlock.minecraft.netherrack":11,"stat.pickup.minecraft.gravel":13,"stat.pickup.minecraft.arrow":6,"stat.mineBlock.aoa3.amethyst_ore":6,"stat.mineBlock.minecraft.deadbush":1,"stat.pickup.minecraft.gold_nugget":107,"stat.jump":1602,"stat.pickup.minecraft.coal":288,"stat.fallOneCm":18467,"stat.pickup.randomthings.beans":4,"stat.drop.minecraft.stone":106,"stat.pickup.aoa3.torn_cloth":1,"stat.useItem.minecraft.stone_axe":60,"stat.pickup.minecraft.gunpowder":238,"stat.crouchOneCm":9846,"stat.craftItem.minecraft.torch":208,"stat.craftItem.minecraft.iron_ingot":61,"stat.pickup.minecraft.dirt":16,"stat.craftItem.minecraft.iron_helmet":1,"stat.mineBlock.wings.amethyst_ore":22,"stat.useItem.minecraft.cooked_chicken":3,"stat.craftingTableInteraction":23,"stat.pickup.minecraft.iron_ore":72,"stat.killEntity.aoa3.ghostine_ancient":1,"stat.pickup.minecraft.gold_ore":4,"stat.mineBlock.minecraft.lapis_ore":4,"stat.craftItem.minecraft.flint_and_steel":1,"stat.damageTaken":3296,"stat.pickup.minecraft.feather":6,"stat.pickup.minecraft.leather":29,"stat.drop.minecraft.bone":2,"stat.mineBlock.minecraft.furnace":3,"stat.mineBlock.minecraft.torch":1,"stat.useItem.minecraft.wooden_pickaxe":22,"stat.killEntity.aoa3.desert_charger":1,"stat.craftItem.aoa3.sapphire_sword":1,"stat.pickup.minecraft.dye":24,"stat.pickup.minecraft.planks":9,"stat.killEntity.aoa3.shadow":2,"stat.useItem.aoa3.jade_pickaxe":3900,"stat.mineBlock.minecraft.gravel":14,"stat.useItem.minecraft.stone_pickaxe":4454,"stat.useItem.minecraft.stone_sword":77,"stat.craftItem.minecraft.iron_leggings":1,"stat.damageDealt":15502,"stat.drop.randomthings.lavacharm":1,"stat.mineBlock.aoa3.rosite_ore":2,"stat.killEntity.Cow":31,"stat.mineBlock.minecraft.dirt":10,"stat.killEntity.aoa3.ghost":1,"stat.walkOneCm":423233,"stat.useItem.minecraft.torch":124,"stat.pickup.dynamictrees.birchseed":7,"stat.pickup.minecraft.stick":20,"stat.drop.randomthings.glowingmushroom":2,"stat.pickup.minecraft.crafting_table":1,"stat.drop.minecraft.vine":14,"stat.useItem.minecraft.cobblestone":192,"stat.craftItem.minecraft.crafting_table":1,"stat.useItem.minecraft.gravel":3,"stat.useItem.minecraft.lava_bucket":3,"stat.useItem.dynamictrees.oakseed":3,"stat.drop.minecraft.netherrack":8,"stat.pickup.minecraft.log":39,"stat.drop.minecraft.chicken":1,"stat.pickup.minecraft.iron_pickaxe":1,"stat.useItem.aoa3.holly_top_seeds":1,"stat.craftItem.minecraft.stone_button":1,"stat.craftItem.minecraft.gold_ingot":15,"stat.pickup.minecraft.stone":722,"stat.craftItem.minecraft.iron_chestplate":1,"stat.pickup.minecraft.chicken":4,"stat.pickup.minecraft.ender_pearl":64,"stat.pickup.aoa3.sapphire":11,"stat.pickup.aoa3.rosite_ore":2,"stat.pickup.minecraft.cooked_beef":2,"stat.useItem.simplecorn.corncob":5,"stat.killEntity.Skeleton":4,"stat.killEntity.aoa3.flamewalker":1,"stat.killEntity.aoa3.bone_creature":2,"stat.craftItem.minecraft.bucket":1,"stat.craftItem.minecraft.planks":156,"stat.killEntity.Chicken":3,"stat.killEntity.WitherSkeleton":4,"stat.pickup.aoa3.raw_charger_shank":1,"stat.mobKills":86,"stat.pickup.minecraft.book":21,"stat.mineBlock.minecraft.bookshelf":7,"stat.craftItem.minecraft.cooked_chicken":3,"stat.pickup.randomthings.glowingmushroom":2,"stat.pickup.minecraft.diamond":58,"stat.pickup.aoa3.raw_furlion_chop":1,"stat.mineBlock.wings.fairy_dust_ore":13,"stat.mineBlock.aoa3.fire_lamp_off":3,"stat.pickup.minecraft.torch":10,"stat.drop.aoa3.tea_seeds":1,"stat.sneakTime":3023,"stat.pickup.wings.amethyst":22,"stat.pickup.aoa3.copper_coin":8,"stat.drop.minecraft.arrow":1,"stat.pickup.minecraft.yellow_flower":1,"stat.mineBlock.minecraft.stone":17399,"stat.craftItem.wings.angel_wings":1}