{"stat.drop.minecraft.stone_pickaxe":2,"stat.pickup.minecraft.tripwire_hook":2,"stat.craftItem.aoa3.limonite_pickaxe":1,"stat.pickup.minecraft.bone":2,"stat.pickup.minecraft.stone_pressure_plate":4,"stat.pickup.minecraft.redstone_torch":1,"stat.useItem.minecraft.iron_axe":25,"stat.leaveGame":1,"stat.mineBlock.minecraft.cobblestone":7,"stat.pickup.minecraft.stone_pickaxe":3,"stat.mineBlock.minecraft.yellow_flower":6,"stat.craftItem.minecraft.iron_axe":1,"stat.useItem.minecraft.diamond_sword":89,"stat.mineBlock.minecraft.sandstone":8,"stat.swimOneCm":26408,"stat.killEntity.aoa3.nightfly":1,"stat.climbOneCm":6673,"stat.useItem.minecraft.planks":4,"stat.drop.minecraft.cobblestone":1,"stat.pickup.minecraft.cooked_porkchop":4,"stat.pickup.minecraft.porkchop":9,"stat.pickup.travellersbackpack.backpack_tank":2,"stat.pickup.wings.fairy_dust":41,"stat.useItem.minecraft.dirt":23,"stat.useItem.minecraft.stone_slab2":88,"stat.pickup.minecraft.rotten_flesh":2,"stat.pickup.minecraft.diamond_horse_armor":1,"stat.pickup.minecraft.sand":4,"stat.pickup.aoa3.scrap_metal":43,"stat.craftItem.minecraft.furnace":2,"stat.useItem.minecraft.red_flower":12,"stat.craftItem.minecraft.iron_boots":1,"stat.craftItem.minecraft.stone_pickaxe":65,"stat.craftItem.minecraft.cooked_beef":37,"stat.pickup.minecraft.shears":1,"stat.pickup.minecraft.cobblestone":8059,"stat.mineBlock.minecraft.carpet":1,"stat.drop.aoa3.limonite_sword":1,"stat.flyOneCm":439226,"stat.pickup.minecraft.sandstone":8,"stat.mineBlock.minecraft.sand":4,"stat.killEntity.aoa3.bomb_carrier":1,"stat.useItem.minecraft.cooked_beef":36,"stat.pickup.minecraft.redstone":8,"stat.mineBlock.minecraft.iron_ore":80,"stat.timeSinceDeath":8693,"stat.useItem.minecraft.iron_pickaxe":1250,"stat.drop.minecraft.diamond":1,"stat.pickup.minecraft.stained_hardened_clay":1,"stat.craftItem.minecraft.wooden_pickaxe":1,"stat.pickup.aoa3.jade":6,"stat.pickup.minecraft.mutton":2,"stat.pickup.minecraft.mossy_cobblestone":6,"stat.pickup.aoa3.limonite_ore":15,"stat.pickup.dynamictrees.darkoakseed":1,"stat.pickup.minecraft.wooden_axe":1,"stat.mineBlock.minecraft.vine":2,"stat.pickup.minecraft.stonebrick":3,"stat.furnaceInteraction":40,"stat.useItem.minecraft.cooked_porkchop":9,"stat.craftItem.aoa3.limonite_ingot":5,"stat.pickup.minecraft.carpet":1,"stat.killEntity.ZombieVillager":1,"stat.mineBlock.minecraft.coal_ore":225,"stat.talkedToVillager":3,"stat.mineBlock.minecraft.red_mushroom_block":1,"stat.pickup.minecraft.string":2,"stat.useItem.aoa3.limonite_sword":59,"stat.pickup.minecraft.beef":74,"stat.pickup.minecraft.furnace":1,"stat.pickup.tombstone.crafting_ingredient":2,"stat.entityKilledBy.Skeleton":1,"stat.craftItem.minecraft.stone_slab2":0,"stat.pickup.travellersbackpack.travellers_backpack":4,"stat.mineBlock.minecraft.stained_hardened_clay":1,"stat.sprintOneCm":591026,"stat.pickup.minecraft.skull":1,"stat.craftItem.minecraft.wooden_axe":1,"stat.craftItem.minecraft.stick":184,"stat.killEntity.Horse":1,"stat.craftItem.aoa3.rosite_ingot":2,"stat.mineBlock.minecraft.diamond_ore":21,"stat.mineBlock.minecraft.crafting_table":1,"stat.useItem.minecraft.diamond_pickaxe":1786,"stat.pickup.minecraft.saddle":2,"stat.pickup.dynamictrees.oakseed":12,"stat.entityKilledBy.Creeper":3,"stat.pickup.minecraft.sugar":4,"stat.pickup.aoa3.rosite_ingot":5,"stat.pickup.minecraft.lever":1,"stat.deaths":13,"stat.mineBlock.minecraft.planks":6,"stat.drop":9,"stat.pickup.minecraft.egg":8,"stat.playOneMinute":270282,"stat.killEntity.aoa3.night_reaper":1,"stat.mineBlock.minecraft.stone_pressure_plate":4,"stat.killEntity.Sheep":1,"stat.craftItem.minecraft.iron_pickaxe":5,"stat.pickup.aoa3.amethyst":2,"stat.mineBlock.aoa3.sapphire_ore":1,"stat.craftItem.minecraft.diamond_pickaxe":2,"stat.killEntity.Zombie":1,"stat.pickup.minecraft.iron_bars":2,"stat.mineBlock.aoa3.jade_ore":6,"stat.craftItem.minecraft.diamond_axe":1,"stat.mineBlock.minecraft.gold_ore":13,"stat.mineBlock.minecraft.tallgrass":64,"stat.diveOneCm":71584,"stat.useItem.aoa3.limonite_pickaxe":350,"stat.chestOpened":91,"stat.pickup.minecraft.pumpkin":3,"stat.useItem.minecraft.splash_potion":1,"stat.mineBlock.minecraft.mossy_cobblestone":6,"stat.pickup.minecraft.gravel":2,"stat.pickup.minecraft.waterlily":2,"stat.pickup.minecraft.arrow":4,"stat.craftItem.minecraft.cooked_porkchop":9,"stat.drop.minecraft.cooked_beef":2,"stat.useItem.minecraft.diamond_axe":44,"stat.mineBlock.aoa3.amethyst_ore":2,"stat.craftItem.travellersbackpack.travellers_backpack":1,"stat.mineBlock.minecraft.deadbush":1,"stat.pickup.minecraft.gold_nugget":63,"stat.pickup.simplecorn.kernels":1,"stat.pickup.minecraft.diamond_sword":1,"stat.craftItem.minecraft.diamond_sword":1,"stat.craftItem.minecraft.iron_nugget":9,"stat.jump":2718,"stat.pickup.minecraft.coal":436,"stat.fallOneCm":139720,"stat.pickup.minecraft.iron_ingot":1,"stat.pickup.randomthings.beans":3,"stat.drop.travellersbackpack.travellers_backpack":1,"stat.pickup.minecraft.gunpowder":151,"stat.crouchOneCm":3192,"stat.craftItem.minecraft.chest":5,"stat.craftItem.minecraft.torch":128,"stat.craftItem.minecraft.iron_ingot":21,"stat.pickup.minecraft.dirt":84,"stat.craftItem.minecraft.iron_helmet":1,"stat.mineBlock.minecraft.lever":1,"stat.mineBlock.wings.amethyst_ore":6,"stat.useItem.minecraft.cooked_chicken":12,"stat.craftingTableInteraction":39,"stat.pickup.minecraft.iron_ore":90,"stat.useItem.minecraft.glass":7,"stat.pickup.minecraft.gold_ore":13,"stat.mineBlock.minecraft.iron_bars":2,"stat.mineBlock.minecraft.lapis_ore":6,"stat.pickup.minecraft.repeater":1,"stat.pickup.minecraft.wooden_pickaxe":2,"stat.brewingstandInteraction":1,"stat.damageTaken":8317,"stat.pickup.minecraft.feather":38,"stat.pickup.minecraft.leather":21,"stat.mineBlock.minecraft.red_flower":18,"stat.useItem.minecraft.wooden_pickaxe":11,"stat.dispenserInspected":4,"stat.tradedWithVillager":5,"stat.killEntity.aoa3.demon_reaper":1,"stat.pickup.aoa3.worn_book":1,"stat.pickup.minecraft.log2":65,"stat.pickup.minecraft.dye":98,"stat.pickup.minecraft.planks":7,"stat.entityKilledBy.aoa3.headless_hunter":1,"stat.pickup.minecraft.wheat_seeds":6,"stat.mineBlock.minecraft.gravel":2,"stat.useItem.minecraft.stone_pickaxe":8374,"stat.mineBlock.minecraft.glass":1,"stat.craftItem.minecraft.iron_leggings":1,"stat.killEntity.aoa3.irkling":1,"stat.damageDealt":7518,"stat.craftItem.minecraft.glass":64,"stat.killEntity.Cow":26,"stat.useItem.minecraft.crafting_table":1,"stat.mineBlock.minecraft.dirt":25,"stat.killEntity.Pig":4,"stat.craftItem.minecraft.iron_sword":1,"stat.mineBlock.aoa3.limonite_ore":14,"stat.mineBlock.randomthings.naturecore":1,"stat.walkOneCm":560623,"stat.useItem.minecraft.torch":11,"stat.useItem.minecraft.chest":3,"stat.playerKills":1,"stat.pickup.dynamictrees.birchseed":33,"stat.pickup.minecraft.stick":123,"stat.pickup.minecraft.iron_nugget":2,"stat.drop.minecraft.rotten_flesh":1,"stat.pickup.minecraft.crafting_table":2,"stat.useItem.minecraft.cobblestone":94,"stat.craftItem.minecraft.crafting_table":6,"stat.useItem.minecraft.gold_ore":3,"stat.craftItem.travellersbackpack.sleeping_bag_bottom":1,"stat.useItem.aoa3.ancient_rock":7,"stat.pickup.minecraft.log":175,"stat.entityKilledBy.aoa3.hag":1,"stat.craftItem.aoa3.limonite_sword":1,"stat.pickup.openblocks.info_book":2,"stat.pickup.minecraft.tnt":2,"stat.craftItem.minecraft.gold_ingot":7,"stat.pickup.minecraft.stone":130,"stat.craftItem.minecraft.iron_chestplate":1,"stat.pickup.minecraft.chicken":26,"stat.killEntity.aoa3.clown":1,"stat.pickup.minecraft.ender_pearl":37,"stat.pickup.minecraft.wooden_door":1,"stat.pickup.aoa3.sapphire":1,"stat.pickup.minecraft.cooked_beef":3,"stat.pickup.minecraft.ladder":2,"stat.pickup.minecraft.gold_ingot":8,"stat.killEntity.Skeleton":2,"stat.mineBlock.minecraft.tripwire_hook":1,"stat.killEntity.aoa3.bone_creature":1,"stat.mineBlock.minecraft.stonebrick":3,"stat.craftItem.minecraft.planks":552,"stat.useItem.minecraft.iron_sword":209,"stat.killEntity.Chicken":27,"stat.mineBlock.minecraft.redstone_torch":1,"stat.killEntity.Spider":1,"stat.mobKills":71,"stat.pickup.randomthings.naturecore":1,"stat.pickup.minecraft.book":21,"stat.mineBlock.minecraft.log":16,"stat.mineBlock.minecraft.bookshelf":7,"stat.mineBlock.minecraft.waterlily":2,"stat.craftItem.minecraft.cooked_chicken":23,"stat.pickup.minecraft.diamond":22,"stat.mineBlock.minecraft.leaves":12,"stat.mineBlock.wings.fairy_dust_ore":10,"stat.pickup.minecraft.torch":1,"stat.pickup.minecraft.red_flower":18,"stat.mineBlock.minecraft.redstone_ore":1,"stat.sneakTime":1663,"stat.pickup.wings.amethyst":6,"stat.pickup.minecraft.wool":10,"stat.pickup.aoa3.copper_coin":16,"stat.useItem.minecraft.wooden_axe":5,"stat.pickup.minecraft.yellow_flower":9,"stat.mineBlock.minecraft.stone":11394,"stat.pickup.minecraft.chest":2}