{"stat.craftItem.aoa3.emberstone_ingot":2,"stat.pickup.simplecorn.corncob":18,"stat.leaveGame":5,"stat.killEntity.aoa3.sasquatch":2,"stat.craftItem.minecraft.iron_axe":1,"stat.useItem.minecraft.planks":407,"stat.entityKilledBy.aoa3.modulo":2,"stat.mineBlock.minecraft.web":1,"stat.pickup.minecraft.porkchop":9,"stat.pickup.minecraft.glass":57,"stat.killEntity.aoa3.goblin":1,"stat.mineBlock.minecraft.red_mushroom":5,"stat.useItem.minecraft.water_bucket":3,"stat.pickup.minecraft.rotten_flesh":7,"stat.pickup.minecraft.sand":75,"stat.pickup.aoa3.scrap_metal":12,"stat.killEntity.aoa3.bugeye":2,"stat.entityKilledBy.aoa3.goblin":1,"stat.craftItem.minecraft.stone_axe":1,"stat.useItem.simplecorn.poppedcorn":6,"stat.craftItem.minecraft.lit_pumpkin":2,"stat.craftItem.minecraft.cobblestone_wall":6,"stat.craftItem.minecraft.stone_sword":1,"stat.useItem.randomthings.beans":4,"stat.mineBlock.minecraft.sand":80,"stat.craftItem.minecraft.wooden_hoe":1,"stat.craftItem.minecraft.wooden_pickaxe":1,"stat.pickup.minecraft.double_plant":5,"stat.useItem.aoa3.fire_lamp_off":5,"stat.mineBlock.minecraft.vine":2,"stat.furnaceInteraction":74,"stat.useItem.minecraft.pumpkin_seeds":3,"stat.killEntity.ZombieVillager":2,"stat.mineBlock.minecraft.birch_stairs":6,"stat.useItem.minecraft.double_plant":1,"stat.useItem.dynamictrees.birchseed":18,"stat.pickup.minecraft.furnace":8,"stat.pickup.travellersbackpack.travellers_backpack":3,"stat.useItem.minecraft.flint_and_steel":1,"stat.useItem.aoa3.amethyst_shovel":1000,"stat.pickup.dynamictrees.oakseed":10,"stat.drop.simplecorn.kernels":1,"stat.deaths":9,"stat.pickup.minecraft.egg":12,"stat.playOneMinute":654284,"stat.killEntity.aoa3.night_reaper":1,"stat.mineBlock.aoa3.sapphire_ore":6,"stat.useItem.simplecorn.kernels":24,"stat.mineBlock.minecraft.tallgrass":123,"stat.pickup.minecraft.netherrack":21,"stat.chestOpened":55,"stat.useItem.minecraft.stone":25,"stat.craftItem.minecraft.carpet":9,"stat.drop.aoa3.copper_coin":4,"stat.mineBlock.minecraft.netherrack":21,"stat.pickup.minecraft.arrow":2,"stat.mineBlock.minecraft.ice":5,"stat.pickup.minecraft.gold_nugget":5,"stat.pickup.simplecorn.kernels":11,"stat.fallOneCm":35385,"stat.drop.travellersbackpack.travellers_backpack":1,"stat.crouchOneCm":22189,"stat.mineBlock.minecraft.chest":2,"stat.craftItem.minecraft.iron_ingot":48,"stat.craftItem.minecraft.chest":2,"stat.pickup.minecraft.red_mushroom":4,"stat.craftingTableInteraction":75,"stat.pickup.minecraft.feather":10,"stat.useItem.minecraft.furnace":2,"stat.useItem.minecraft.reeds":3,"stat.pickup.minecraft.planks":142,"stat.pickup.minecraft.iron_leggings":1,"stat.pickup.minecraft.wheat_seeds":8,"stat.entityKilledBy.aoa3.bloodmist":1,"stat.mineBlock.minecraft.gravel":11,"stat.useItem.minecraft.stone_pickaxe":131,"stat.craftItem.minecraft.birch_stairs":40,"stat.mineBlock.aoa3.emberstone_ore":2,"stat.mineBlock.minecraft.glass":12,"stat.useItem.minecraft.stone_sword":26,"stat.killEntity.aoa3.charger":1,"stat.mineBlock.minecraft.dirt":863,"stat.useItem.minecraft.torch":137,"stat.pickup.minecraft.brewing_stand":1,"stat.pickup.minecraft.crafting_table":8,"stat.useItem.minecraft.log":5,"stat.useItem.minecraft.cobblestone":609,"stat.craftItem.minecraft.crafting_table":2,"stat.mineBlock.minecraft.double_plant":4,"stat.craftItem.travellersbackpack.sleeping_bag_bottom":2,"stat.pickup.minecraft.log":130,"stat.entityKilledBy.aoa3.hag":1,"stat.craftItem.aoa3.limonite_sword":1,"stat.craftItem.minecraft.gold_ingot":9,"stat.pickup.minecraft.chicken":7,"stat.pickup.minecraft.sapling":3,"stat.pickup.minecraft.wooden_door":55,"stat.pickup.aoa3.sapphire":6,"stat.drop.dynamictrees.oakseed":2,"stat.killEntity.aoa3.bone_creature":2,"stat.craftItem.minecraft.bucket":1,"stat.craftItem.aoa3.charger_shank":1,"stat.pickup.wings.angel_wings":3,"stat.craftItem.minecraft.planks":440,"stat.pickup.aoa3.emberstone_ore":2,"stat.mineBlock.morefurnaces.furnaceblock":1,"stat.pickup.aoa3.raw_charger_shank":1,"stat.mineBlock.minecraft.log":2,"stat.craftItem.minecraft.cooked_chicken":3,"stat.mineBlock.minecraft.waterlily":1,"stat.useItem.minecraft.wooden_door":15,"stat.pickup.aoa3.amethyst_shovel":1,"stat.mineBlock.aoa3.fire_lamp_off":1,"stat.pickup.minecraft.red_flower":17,"stat.sneakTime":8036,"stat.pickup.minecraft.wool":16,"stat.pickup.aoa3.copper_coin":15,"stat.craftItem.travellersbackpack.backpack_tank":6,"stat.pickup.minecraft.chest":2,"stat.pickup.minecraft.bone":3,"stat.craftItem.aoa3.limonite_pickaxe":2,"stat.useItem.minecraft.iron_axe":116,"stat.mineBlock.minecraft.cobblestone":25,"stat.pickup.minecraft.flint":1,"stat.craftItem.minecraft.wool":4,"stat.pickup.minecraft.flower_pot":1,"stat.mineBlock.randomthings.specialchest":1,"stat.swimOneCm":45087,"stat.climbOneCm":4459,"stat.pickup.minecraft.cooked_porkchop":12,"stat.useItem.minecraft.obsidian":10,"stat.useItem.minecraft.dirt":532,"stat.pickup.wings.fairy_dust":19,"stat.useItem.minecraft.stone_slab2":85,"stat.craftItem.minecraft.furnace":1,"stat.useItem.minecraft.egg":18,"stat.craftItem.minecraft.iron_boots":1,"stat.craftItem.minecraft.stone_pickaxe":1,"stat.mineBlock.minecraft.obsidian":11,"stat.pickup.minecraft.cobblestone":1001,"stat.mineBlock.minecraft.carpet":1,"stat.flyOneCm":136767,"stat.pickup.minecraft.cactus":1,"stat.craftItem.simplecorn.kernels":36,"stat.pickup.minecraft.redstone":77,"stat.useItem.aoa3.charger_shank":1,"stat.mineBlock.minecraft.iron_ore":66,"stat.timeSinceDeath":70746,"stat.pickup.aoa3.limonite_ore":2,"stat.craftItem.aoa3.limonite_ingot":2,"stat.useItem.minecraft.cooked_porkchop":11,"stat.pickup.minecraft.carpet":3,"stat.mineBlock.minecraft.coal_ore":124,"stat.talkedToVillager":1,"stat.pickup.minecraft.string":1,"stat.useItem.aoa3.limonite_sword":146,"stat.pickup.tombstone.crafting_ingredient":1,"stat.pickup.randomthings.specialchest":1,"stat.entityKilledBy.Skeleton":2,"stat.craftItem.minecraft.stone_slab2":0,"stat.pickup.aoa3.fire_lamp_off":17,"stat.killEntity.aoa3.cyclops":2,"stat.pickup.minecraft.birch_stairs":6,"stat.sprintOneCm":496910,"stat.pickup.morefurnaces.furnaceblock":1,"stat.craftItem.minecraft.stick":16,"stat.craftItem.aoa3.amethyst_sword":1,"stat.craftItem.minecraft.stone":12,"stat.mineBlock.minecraft.diamond_ore":3,"stat.mineBlock.minecraft.crafting_table":6,"stat.useItem.minecraft.diamond_pickaxe":164,"stat.mineBlock.minecraft.planks":53,"stat.drop":14,"stat.craftItem.minecraft.diamond_pickaxe":1,"stat.killEntity.Zombie":5,"stat.craftItem.minecraft.dye":8,"stat.useItem.minecraft.birch_stairs":44,"stat.mineBlock.minecraft.gold_ore":7,"stat.diveOneCm":11715,"stat.useItem.aoa3.limonite_pickaxe":547,"stat.drop.minecraft.wooden_pickaxe":1,"stat.pickup.minecraft.gravel":10,"stat.craftItem.minecraft.cooked_porkchop":7,"stat.useItem.minecraft.chicken":5,"stat.useItem.minecraft.apple":2,"stat.craftItem.travellersbackpack.travellers_backpack":2,"stat.pickup.minecraft.obsidian":11,"stat.useItem.minecraft.rotten_flesh":9,"stat.drop.minecraft.cooked_porkchop":4,"stat.jump":2351,"stat.useItem.minecraft.sand":35,"stat.useItem.minecraft.wooden_hoe":21,"stat.pickup.minecraft.coal":291,"stat.pickup.minecraft.iron_ingot":25,"stat.pickup.randomthings.beans":13,"stat.useItem.minecraft.stone_axe":129,"stat.craftItem.minecraft.torch":136,"stat.pickup.minecraft.dirt":852,"stat.craftItem.minecraft.iron_helmet":1,"stat.mineBlock.wings.amethyst_ore":9,"stat.useItem.minecraft.cooked_chicken":3,"stat.pickup.minecraft.iron_ore":59,"stat.drop.aoa3.limonite_pickaxe":1,"stat.useItem.minecraft.glass":49,"stat.boatOneCm":5016,"stat.pickup.minecraft.gold_ore":7,"stat.craftItem.minecraft.flint_and_steel":1,"stat.pickup.minecraft.leaves":138,"stat.damageTaken":3611,"stat.mineBlock.minecraft.torch":40,"stat.mineBlock.minecraft.furnace":9,"stat.mineBlock.minecraft.red_flower":17,"stat.useItem.minecraft.wooden_pickaxe":22,"stat.pickup.minecraft.reeds":4,"stat.craftItem.minecraft.birch_fence":39,"stat.useItem.minecraft.birch_fence":35,"stat.entityKilledBy.Zombie":1,"stat.damageDealt":4766,"stat.craftItem.minecraft.glass":93,"stat.sleepInBed":1,"stat.mineBlock.aoa3.rosite_ore":2,"stat.useItem.minecraft.crafting_table":1,"stat.killEntity.Pig":4,"stat.mineBlock.aoa3.limonite_ore":2,"stat.walkOneCm":1063069,"stat.mineBlock.minecraft.birch_fence":1,"stat.useItem.minecraft.chest":1,"stat.pickup.dynamictrees.birchseed":54,"stat.pickup.minecraft.stick":90,"stat.craftItem.simplecorn.poppedcorn":38,"stat.pickup.minecraft.stone":54,"stat.craftItem.minecraft.iron_chestplate":1,"stat.useItem.minecraft.leaves":81,"stat.pickup.aoa3.rosite_ore":2,"stat.killEntity.Skeleton":1,"stat.entityKilledBy.aoa3.charger":1,"stat.killEntity.Chicken":7,"stat.killEntity.Spider":1,"stat.mobKills":28,"stat.craftItem.minecraft.shears":1,"stat.pickup.minecraft.birch_fence":1,"stat.useItem.minecraft.cobblestone_wall":5,"stat.pickup.minecraft.diamond":4,"stat.mineBlock.minecraft.leaves":29,"stat.mineBlock.wings.fairy_dust_ore":19,"stat.pickup.minecraft.torch":56,"stat.mineBlock.minecraft.redstone_ore":16,"stat.pickup.wings.amethyst":9,"stat.useItem.aoa3.amethyst_sword":54,"stat.mineBlock.minecraft.stone":502}