{"stat.chestOpened":29,"stat.pickup.minecraft.pumpkin":3,"stat.useItem.minecraft.iron_axe":25,"stat.leaveGame":1,"stat.pickup.minecraft.waterlily":2,"stat.craftItem.minecraft.cooked_porkchop":9,"stat.useItem.minecraft.diamond_axe":26,"stat.craftItem.minecraft.iron_axe":1,"stat.craftItem.travellersbackpack.travellers_backpack":1,"stat.pickup.minecraft.gold_nugget":4,"stat.pickup.simplecorn.kernels":1,"stat.craftItem.minecraft.diamond_sword":1,"stat.craftItem.minecraft.iron_nugget":9,"stat.jump":1636,"stat.swimOneCm":16334,"stat.killEntity.aoa3.nightfly":1,"stat.pickup.minecraft.coal":196,"stat.fallOneCm":90715,"stat.climbOneCm":1759,"stat.pickup.minecraft.iron_ingot":1,"stat.pickup.randomthings.beans":3,"stat.pickup.minecraft.cooked_porkchop":4,"stat.pickup.minecraft.porkchop":9,"stat.drop.travellersbackpack.travellers_backpack":1,"stat.pickup.travellersbackpack.backpack_tank":2,"stat.crouchOneCm":1740,"stat.craftItem.minecraft.chest":3,"stat.craftItem.minecraft.torch":128,"stat.craftItem.minecraft.iron_ingot":21,"stat.pickup.minecraft.dirt":49,"stat.pickup.wings.fairy_dust":41,"stat.useItem.minecraft.dirt":10,"stat.useItem.minecraft.stone_slab2":17,"stat.mineBlock.wings.amethyst_ore":6,"stat.useItem.minecraft.cooked_chicken":11,"stat.craftingTableInteraction":28,"stat.pickup.minecraft.iron_ore":44,"stat.pickup.aoa3.scrap_metal":5,"stat.craftItem.minecraft.furnace":2,"stat.pickup.minecraft.gold_ore":4,"stat.mineBlock.minecraft.lapis_ore":6,"stat.craftItem.minecraft.iron_boots":1,"stat.pickup.minecraft.wooden_pickaxe":2,"stat.damageTaken":4061,"stat.pickup.minecraft.feather":30,"stat.pickup.minecraft.leather":21,"stat.mineBlock.minecraft.red_flower":2,"stat.useItem.minecraft.wooden_pickaxe":11,"stat.craftItem.minecraft.cooked_beef":37,"stat.pickup.minecraft.shears":1,"stat.killEntity.aoa3.demon_reaper":1,"stat.pickup.minecraft.cobblestone":1001,"stat.pickup.minecraft.log2":65,"stat.pickup.minecraft.dye":98,"stat.pickup.minecraft.planks":1,"stat.entityKilledBy.aoa3.headless_hunter":1,"stat.flyOneCm":276273,"stat.pickup.minecraft.wheat_seeds":6,"stat.useItem.minecraft.cooked_beef":9,"stat.damageDealt":5509,"stat.pickup.minecraft.redstone":5,"stat.mineBlock.minecraft.iron_ore":44,"stat.timeSinceDeath":28067,"stat.killEntity.Cow":26,"stat.useItem.minecraft.crafting_table":1,"stat.useItem.minecraft.iron_pickaxe":1250,"stat.mineBlock.minecraft.dirt":2,"stat.craftItem.minecraft.wooden_pickaxe":1,"stat.killEntity.Pig":4,"stat.pickup.minecraft.mutton":2,"stat.craftItem.minecraft.iron_sword":1,"stat.mineBlock.aoa3.limonite_ore":5,"stat.pickup.aoa3.limonite_ore":6,"stat.pickup.dynamictrees.darkoakseed":1,"stat.mineBlock.randomthings.naturecore":1,"stat.walkOneCm":287660,"stat.useItem.minecraft.torch":1,"stat.useItem.minecraft.chest":2,"stat.playerKills":1,"stat.pickup.dynamictrees.birchseed":29,"stat.pickup.minecraft.stick":70,"stat.pickup.minecraft.wooden_axe":1,"stat.pickup.minecraft.crafting_table":2,"stat.useItem.minecraft.cobblestone":12,"stat.craftItem.minecraft.crafting_table":4,"stat.furnaceInteraction":40,"stat.useItem.minecraft.cooked_porkchop":8,"stat.craftItem.aoa3.limonite_ingot":5,"stat.mineBlock.minecraft.coal_ore":77,"stat.craftItem.travellersbackpack.sleeping_bag_bottom":1,"stat.mineBlock.minecraft.red_mushroom_block":1,"stat.pickup.minecraft.log":133,"stat.entityKilledBy.aoa3.hag":1,"stat.craftItem.aoa3.limonite_sword":1,"stat.useItem.aoa3.limonite_sword":55,"stat.pickup.minecraft.beef":74,"stat.pickup.openblocks.info_book":2,"stat.pickup.minecraft.furnace":1,"stat.pickup.tombstone.crafting_ingredient":1,"stat.entityKilledBy.Skeleton":1,"stat.craftItem.minecraft.stone_slab2":0,"stat.pickup.minecraft.stone":44,"stat.craftItem.minecraft.iron_chestplate":1,"stat.pickup.minecraft.chicken":24,"stat.pickup.travellersbackpack.travellers_backpack":4,"stat.killEntity.aoa3.clown":1,"stat.sprintOneCm":391169,"stat.pickup.minecraft.wooden_door":1,"stat.pickup.minecraft.cooked_beef":3,"stat.craftItem.minecraft.wooden_axe":1,"stat.craftItem.minecraft.stick":36,"stat.pickup.minecraft.gold_ingot":8,"stat.craftItem.minecraft.planks":224,"stat.useItem.minecraft.iron_sword":209,"stat.killEntity.Chicken":24,"stat.mineBlock.minecraft.diamond_ore":8,"stat.mineBlock.minecraft.crafting_table":1,"stat.useItem.minecraft.diamond_pickaxe":9,"stat.mobKills":60,"stat.pickup.randomthings.naturecore":1,"stat.mineBlock.minecraft.log":14,"stat.entityKilledBy.Creeper":1,"stat.mineBlock.minecraft.waterlily":2,"stat.craftItem.minecraft.cooked_chicken":23,"stat.pickup.minecraft.sugar":4,"stat.pickup.aoa3.rosite_ingot":5,"stat.deaths":8,"stat.drop":1,"stat.pickup.minecraft.diamond":8,"stat.pickup.minecraft.egg":6,"stat.mineBlock.minecraft.leaves":12,"stat.mineBlock.wings.fairy_dust_ore":4,"stat.playOneMinute":128146,"stat.killEntity.aoa3.night_reaper":1,"stat.pickup.minecraft.torch":1,"stat.killEntity.Sheep":1,"stat.pickup.minecraft.red_flower":2,"stat.mineBlock.minecraft.redstone_ore":1,"stat.craftItem.minecraft.iron_pickaxe":5,"stat.sneakTime":895,"stat.pickup.wings.amethyst":6,"stat.pickup.minecraft.wool":10,"stat.pickup.aoa3.copper_coin":12,"stat.craftItem.minecraft.diamond_pickaxe":1,"stat.killEntity.Zombie":1,"stat.useItem.minecraft.wooden_axe":5,"stat.pickup.minecraft.yellow_flower":3,"stat.craftItem.minecraft.diamond_axe":1,"stat.mineBlock.minecraft.stone":1120,"stat.mineBlock.minecraft.gold_ore":4,"stat.mineBlock.minecraft.tallgrass":59,"stat.diveOneCm":5658,"stat.pickup.minecraft.chest":2}