{"stat.pickup.minecraft.bone":3,"stat.craftItem.aoa3.limonite_pickaxe":2,"stat.pickup.simplecorn.corncob":2,"stat.useItem.minecraft.iron_axe":41,"stat.leaveGame":3,"stat.killEntity.aoa3.sasquatch":2,"stat.mineBlock.minecraft.cobblestone":13,"stat.pickup.minecraft.flint":1,"stat.craftItem.minecraft.iron_axe":1,"stat.craftItem.minecraft.wool":4,"stat.swimOneCm":38299,"stat.useItem.minecraft.planks":189,"stat.pickup.minecraft.cooked_porkchop":12,"stat.pickup.minecraft.porkchop":7,"stat.useItem.minecraft.dirt":342,"stat.pickup.wings.fairy_dust":19,"stat.useItem.minecraft.stone_slab2":58,"stat.killEntity.aoa3.goblin":1,"stat.mineBlock.minecraft.red_mushroom":5,"stat.useItem.minecraft.water_bucket":2,"stat.pickup.minecraft.rotten_flesh":6,"stat.pickup.minecraft.sand":35,"stat.craftItem.minecraft.furnace":1,"stat.pickup.aoa3.scrap_metal":3,"stat.killEntity.aoa3.bugeye":1,"stat.entityKilledBy.aoa3.goblin":1,"stat.useItem.minecraft.egg":18,"stat.craftItem.minecraft.stone_axe":1,"stat.craftItem.minecraft.iron_boots":1,"stat.useItem.simplecorn.poppedcorn":6,"stat.craftItem.minecraft.stone_pickaxe":1,"stat.mineBlock.minecraft.obsidian":9,"stat.pickup.minecraft.cobblestone":412,"stat.craftItem.minecraft.cobblestone_wall":6,"stat.craftItem.minecraft.stone_sword":1,"stat.flyOneCm":109132,"stat.useItem.randomthings.beans":4,"stat.mineBlock.minecraft.sand":36,"stat.craftItem.minecraft.wooden_hoe":1,"stat.craftItem.simplecorn.kernels":4,"stat.pickup.minecraft.redstone":9,"stat.mineBlock.minecraft.iron_ore":66,"stat.timeSinceDeath":115740,"stat.craftItem.minecraft.wooden_pickaxe":1,"stat.pickup.aoa3.limonite_ore":2,"stat.pickup.minecraft.double_plant":5,"stat.mineBlock.minecraft.vine":2,"stat.furnaceInteraction":69,"stat.craftItem.aoa3.limonite_ingot":2,"stat.useItem.minecraft.cooked_porkchop":10,"stat.useItem.minecraft.pumpkin_seeds":3,"stat.killEntity.ZombieVillager":1,"stat.mineBlock.minecraft.coal_ore":124,"stat.useItem.minecraft.double_plant":1,"stat.useItem.aoa3.limonite_sword":146,"stat.useItem.dynamictrees.birchseed":18,"stat.pickup.minecraft.furnace":5,"stat.pickup.tombstone.crafting_ingredient":1,"stat.entityKilledBy.Skeleton":2,"stat.craftItem.minecraft.stone_slab2":0,"stat.killEntity.aoa3.cyclops":1,"stat.pickup.travellersbackpack.travellers_backpack":1,"stat.sprintOneCm":346887,"stat.craftItem.minecraft.stick":16,"stat.craftItem.aoa3.amethyst_sword":1,"stat.craftItem.minecraft.stone":12,"stat.mineBlock.minecraft.diamond_ore":3,"stat.mineBlock.minecraft.crafting_table":3,"stat.useItem.aoa3.amethyst_shovel":443,"stat.useItem.minecraft.diamond_pickaxe":50,"stat.pickup.dynamictrees.oakseed":10,"stat.drop.simplecorn.kernels":1,"stat.deaths":6,"stat.mineBlock.minecraft.planks":29,"stat.drop":14,"stat.pickup.minecraft.egg":12,"stat.playOneMinute":488409,"stat.killEntity.aoa3.night_reaper":1,"stat.mineBlock.aoa3.sapphire_ore":4,"stat.craftItem.minecraft.diamond_pickaxe":1,"stat.killEntity.Zombie":4,"stat.craftItem.minecraft.dye":8,"stat.useItem.simplecorn.kernels":6,"stat.mineBlock.minecraft.gold_ore":7,"stat.mineBlock.minecraft.tallgrass":114,"stat.diveOneCm":4763,"stat.useItem.aoa3.limonite_pickaxe":547,"stat.chestOpened":24,"stat.useItem.minecraft.stone":22,"stat.craftItem.minecraft.carpet":9,"stat.drop.minecraft.wooden_pickaxe":1,"stat.drop.aoa3.copper_coin":4,"stat.pickup.minecraft.gravel":9,"stat.pickup.minecraft.arrow":2,"stat.craftItem.minecraft.cooked_porkchop":3,"stat.useItem.minecraft.chicken":1,"stat.craftItem.travellersbackpack.travellers_backpack":2,"stat.pickup.minecraft.obsidian":9,"stat.pickup.minecraft.gold_nugget":3,"stat.pickup.simplecorn.kernels":8,"stat.useItem.minecraft.rotten_flesh":2,"stat.drop.minecraft.cooked_porkchop":4,"stat.jump":1511,"stat.useItem.minecraft.sand":30,"stat.useItem.minecraft.wooden_hoe":13,"stat.pickup.minecraft.coal":191,"stat.fallOneCm":24356,"stat.pickup.minecraft.iron_ingot":25,"stat.pickup.randomthings.beans":10,"stat.useItem.minecraft.stone_axe":129,"stat.drop.travellersbackpack.travellers_backpack":1,"stat.crouchOneCm":14125,"stat.craftItem.minecraft.torch":52,"stat.craftItem.minecraft.iron_ingot":48,"stat.craftItem.minecraft.chest":2,"stat.pickup.minecraft.dirt":368,"stat.craftItem.minecraft.iron_helmet":1,"stat.pickup.minecraft.red_mushroom":4,"stat.mineBlock.wings.amethyst_ore":9,"stat.useItem.minecraft.cooked_chicken":3,"stat.craftingTableInteraction":64,"stat.pickup.minecraft.iron_ore":59,"stat.drop.aoa3.limonite_pickaxe":1,"stat.useItem.minecraft.glass":29,"stat.boatOneCm":5016,"stat.pickup.minecraft.gold_ore":7,"stat.damageTaken":2398,"stat.pickup.minecraft.feather":10,"stat.mineBlock.minecraft.torch":31,"stat.mineBlock.minecraft.furnace":6,"stat.mineBlock.minecraft.red_flower":6,"stat.useItem.minecraft.wooden_pickaxe":22,"stat.useItem.minecraft.furnace":1,"stat.pickup.minecraft.planks":109,"stat.pickup.minecraft.iron_leggings":1,"stat.craftItem.minecraft.birch_fence":39,"stat.pickup.minecraft.wheat_seeds":8,"stat.useItem.minecraft.birch_fence":27,"stat.entityKilledBy.aoa3.bloodmist":1,"stat.mineBlock.minecraft.gravel":10,"stat.useItem.minecraft.stone_pickaxe":131,"stat.useItem.minecraft.stone_sword":26,"stat.killEntity.aoa3.charger":1,"stat.damageDealt":3878,"stat.craftItem.minecraft.glass":93,"stat.mineBlock.aoa3.rosite_ore":2,"stat.mineBlock.minecraft.dirt":353,"stat.killEntity.Pig":3,"stat.mineBlock.aoa3.limonite_ore":2,"stat.walkOneCm":611776,"stat.useItem.minecraft.torch":76,"stat.pickup.dynamictrees.birchseed":28,"stat.pickup.minecraft.stick":68,"stat.pickup.minecraft.crafting_table":5,"stat.useItem.minecraft.log":5,"stat.useItem.minecraft.cobblestone":554,"stat.craftItem.minecraft.crafting_table":2,"stat.craftItem.simplecorn.poppedcorn":6,"stat.mineBlock.minecraft.double_plant":4,"stat.craftItem.travellersbackpack.sleeping_bag_bottom":2,"stat.pickup.minecraft.log":118,"stat.entityKilledBy.aoa3.hag":1,"stat.craftItem.aoa3.limonite_sword":1,"stat.pickup.minecraft.stone":52,"stat.craftItem.minecraft.iron_chestplate":1,"stat.pickup.minecraft.chicken":7,"stat.pickup.minecraft.wooden_door":11,"stat.pickup.aoa3.sapphire":4,"stat.pickup.aoa3.rosite_ore":2,"stat.killEntity.Skeleton":1,"stat.entityKilledBy.aoa3.charger":1,"stat.drop.dynamictrees.oakseed":2,"stat.killEntity.aoa3.bone_creature":2,"stat.craftItem.minecraft.bucket":1,"stat.craftItem.minecraft.planks":264,"stat.killEntity.Chicken":7,"stat.pickup.aoa3.raw_charger_shank":1,"stat.mobKills":22,"stat.mineBlock.minecraft.log":2,"stat.craftItem.minecraft.cooked_chicken":3,"stat.mineBlock.minecraft.waterlily":1,"stat.useItem.minecraft.wooden_door":6,"stat.useItem.minecraft.cobblestone_wall":5,"stat.pickup.minecraft.diamond":3,"stat.mineBlock.wings.fairy_dust_ore":19,"stat.pickup.aoa3.amethyst_shovel":1,"stat.pickup.minecraft.torch":35,"stat.pickup.minecraft.red_flower":4,"stat.mineBlock.minecraft.redstone_ore":2,"stat.sneakTime":5401,"stat.pickup.wings.amethyst":9,"stat.pickup.minecraft.wool":16,"stat.pickup.aoa3.copper_coin":11,"stat.useItem.aoa3.amethyst_sword":13,"stat.mineBlock.minecraft.stone":458,"stat.craftItem.travellersbackpack.backpack_tank":6}