{"stat.drop.minecraft.waterlily":3,"stat.pickup.simplecorn.corncob":3,"stat.killEntity.aoa3.sasquatch":1,"stat.leaveGame":7,"stat.killEntity.aoa3.shade":1,"stat.useItem.minecraft.planks":2,"stat.drop.dynamictrees.birchseed":3,"stat.pickup.minecraft.porkchop":9,"stat.pickup.minecraft.rotten_flesh":1,"stat.craftItem.aoa3.limonite_axe":1,"stat.pickup.minecraft.sand":392,"stat.pickup.aoa3.scrap_metal":31,"stat.killEntity.aoa3.bugeye":3,"stat.pickup.aoa3.limonite_pickaxe":1,"stat.craftItem.minecraft.stone_axe":1,"stat.useItem.randomthings.beans":2,"stat.mineBlock.minecraft.sand":392,"stat.craftItem.aoa3.limonite_shovel":2,"stat.killEntity.aoa3.dicer":1,"stat.useItem.minecraft.iron_pickaxe":1363,"stat.pickup.aoa3.jade":12,"stat.useItem.dynamictrees.darkoakseed":3,"stat.entityKilledBy.aoa3.bone_creature":1,"stat.pickup.dynamictrees.darkoakseed":7,"stat.furnaceInteraction":109,"stat.drop.minecraft.gravel":64,"stat.craftItem.minecraft.pumpkin_seeds":4,"stat.useItem.dynamictrees.birchseed":19,"stat.pickup.minecraft.beef":21,"stat.pickup.minecraft.furnace":10,"stat.pickup.travellersbackpack.travellers_backpack":5,"stat.useItem.aoa3.amethyst_shovel":41,"stat.useItem.minecraft.pumpkin_pie":5,"stat.pickup.dynamictrees.oakseed":12,"stat.deaths":22,"stat.pickup.minecraft.egg":22,"stat.playOneMinute":393880,"stat.killEntity.aoa3.night_reaper":2,"stat.craftItem.minecraft.iron_pickaxe":7,"stat.craftItem.aoa3.rosite_pickaxe":3,"stat.mineBlock.aoa3.jade_ore":12,"stat.craftItem.minecraft.pumpkin_pie":5,"stat.useItem.simplecorn.kernels":4,"stat.mineBlock.minecraft.tallgrass":44,"stat.chestOpened":25,"stat.pickup.minecraft.pumpkin":9,"stat.useItem.minecraft.stone":66,"stat.pickup.minecraft.arrow":4,"stat.pickup.minecraft.waterlily":3,"stat.mineBlock.aoa3.amethyst_ore":10,"stat.pickup.minecraft.gold_nugget":38,"stat.pickup.simplecorn.kernels":1,"stat.fallOneCm":78599,"stat.drop.minecraft.stone":1,"stat.crouchOneCm":16300,"stat.craftItem.minecraft.iron_ingot":174,"stat.craftItem.minecraft.chest":2,"stat.craftingTableInteraction":31,"stat.killEntity.aoa3.magicke":1,"stat.pickup.aoa3.limonite_ingot":7,"stat.pickup.minecraft.wooden_pickaxe":1,"stat.pickup.minecraft.feather":10,"stat.drop.minecraft.iron_leggings":1,"stat.drop.minecraft.bone":1,"stat.useItem.minecraft.furnace":5,"stat.pickup.minecraft.dye":146,"stat.pickup.minecraft.planks":41,"stat.killEntity.aoa3.shadow":1,"stat.pickup.minecraft.wheat_seeds":3,"stat.useItem.aoa3.jade_pickaxe":1300,"stat.mineBlock.minecraft.gravel":82,"stat.useItem.minecraft.stone_pickaxe":136,"stat.craftItem.minecraft.iron_leggings":4,"stat.useItem.aoa3.limonite_axe":35,"stat.mineBlock.minecraft.dirt":110,"stat.drop.minecraft.stick":1,"stat.useItem.minecraft.torch":113,"stat.drop.randomthings.glowingmushroom":2,"stat.drop.minecraft.rotten_flesh":1,"stat.pickup.minecraft.crafting_table":8,"stat.useItem.minecraft.log":2,"stat.useItem.minecraft.cobblestone":103,"stat.craftItem.minecraft.crafting_table":3,"stat.pickup.aoa3.runium_ore":11,"stat.craftItem.minecraft.boat":1,"stat.useItem.dynamictrees.oakseed":10,"stat.pickup.minecraft.log":48,"stat.craftItem.minecraft.gold_ingot":49,"stat.pickup.minecraft.tallgrass":1,"stat.pickup.minecraft.chicken":11,"stat.pickup.minecraft.wooden_door":16,"stat.craftItem.minecraft.bucket":1,"stat.craftItem.minecraft.planks":56,"stat.mineBlock.aoa3.runium_ore":11,"stat.mineBlock.morefurnaces.furnaceblock":4,"stat.craftItem.minecraft.wooden_door":3,"stat.craftItem.minecraft.cooked_chicken":9,"stat.useItem.minecraft.wooden_door":13,"stat.craftItem.minecraft.sugar":9,"stat.pickup.minecraft.red_flower":15,"stat.sneakTime":6224,"stat.pickup.minecraft.wool":17,"stat.pickup.aoa3.copper_coin":10,"stat.useItem.minecraft.wooden_axe":20,"stat.drop.minecraft.wooden_axe":2,"stat.useItem.aoa3.rosite_pickaxe":1800,"stat.pickup.minecraft.bone":1,"stat.craftItem.aoa3.limonite_pickaxe":6,"stat.mineBlock.minecraft.pumpkin":9,"stat.mineBlock.minecraft.cobblestone":21,"stat.pickup.minecraft.flint":11,"stat.swimOneCm":44227,"stat.killEntity.aoa3.nightfly":1,"stat.craftItem.aoa3.amethyst_pickaxe":1,"stat.climbOneCm":1501,"stat.drop.minecraft.cobblestone":1218,"stat.useItem.minecraft.dirt":36,"stat.pickup.wings.fairy_dust":41,"stat.useItem.minecraft.stone_slab2":118,"stat.craftItem.morefurnaces.furnaceblock":6,"stat.craftItem.minecraft.furnace":17,"stat.useItem.morefurnaces.furnaceblock":1,"stat.craftItem.minecraft.iron_boots":3,"stat.useItem.aoa3.amethyst_pickaxe":1200,"stat.craftItem.morefurnaces.upgrade":1,"stat.craftItem.minecraft.stone_pickaxe":1,"stat.craftItem.minecraft.cooked_beef":21,"stat.pickup.minecraft.cobblestone":6044,"stat.flyOneCm":252588,"stat.drop.minecraft.wheat_seeds":2,"stat.useItem.minecraft.cooked_beef":9,"stat.craftItem.simplecorn.kernels":6,"stat.pickup.minecraft.redstone":77,"stat.mineBlock.minecraft.iron_ore":204,"stat.timeSinceDeath":59782,"stat.craftItem.aoa3.jade_pickaxe":2,"stat.drop.minecraft.spider_eye":1,"stat.pickup.minecraft.mutton":1,"stat.pickup.aoa3.limonite_ore":31,"stat.pickup.minecraft.wooden_axe":1,"stat.useItem.minecraft.cooked_porkchop":1,"stat.craftItem.aoa3.limonite_ingot":24,"stat.mineBlock.minecraft.coal_ore":566,"stat.drop.minecraft.wool":16,"stat.killEntity.Creeper":1,"stat.pickup.minecraft.string":2,"stat.killEntity.aoa3.void_walker":1,"stat.pickup.tombstone.crafting_ingredient":2,"stat.entityKilledBy.Skeleton":4,"stat.craftItem.minecraft.stone_slab2":0,"stat.killEntity.aoa3.cyclops":2,"stat.killEntity.Squid":2,"stat.sprintOneCm":390690,"stat.drop.minecraft.leather":16,"stat.pickup.morefurnaces.furnaceblock":4,"stat.craftItem.minecraft.wooden_axe":1,"stat.craftItem.minecraft.stick":100,"stat.craftItem.aoa3.amethyst_sword":1,"stat.craftItem.aoa3.rosite_ingot":16,"stat.mineBlock.minecraft.diamond_ore":8,"stat.mineBlock.minecraft.crafting_table":9,"stat.drop.aoa3.amethyst_shovel":1,"stat.entityKilledBy.Creeper":1,"stat.mineBlock.minecraft.planks":4,"stat.drop":53,"stat.killEntity.Sheep":1,"stat.pickup.aoa3.amethyst":10,"stat.killEntity.Zombie":3,"stat.mineBlock.minecraft.gold_ore":56,"stat.diveOneCm":13913,"stat.useItem.aoa3.limonite_pickaxe":1904,"stat.drop.minecraft.wooden_pickaxe":1,"stat.pickup.minecraft.gravel":64,"stat.craftItem.minecraft.cooked_porkchop":9,"stat.useItem.minecraft.chicken":1,"stat.entityKilledBy.aoa3.dicer":1,"stat.drop.minecraft.cooked_porkchop":8,"stat.jump":2577,"stat.pickup.minecraft.coal":876,"stat.pickup.minecraft.iron_ingot":32,"stat.pickup.randomthings.beans":4,"stat.pickup.aoa3.torn_cloth":1,"stat.useItem.minecraft.stone_axe":63,"stat.pickup.minecraft.spider_eye":2,"stat.craftItem.minecraft.torch":176,"stat.pickup.minecraft.dirt":112,"stat.craftItem.minecraft.iron_helmet":3,"stat.mineBlock.wings.amethyst_ore":2,"stat.useItem.minecraft.cooked_chicken":9,"stat.pickup.minecraft.iron_ore":220,"stat.boatOneCm":158145,"stat.pickup.minecraft.gold_ore":56,"stat.mineBlock.minecraft.lapis_ore":22,"stat.damageTaken":6930,"stat.pickup.minecraft.leather":24,"stat.mineBlock.minecraft.torch":13,"stat.mineBlock.minecraft.furnace":9,"stat.mineBlock.minecraft.red_flower":5,"stat.useItem.minecraft.wooden_pickaxe":32,"stat.pickup.minecraft.log2":35,"stat.entityKilledBy.aoa3.headless_hunter":2,"stat.pickup.minecraft.reeds":9,"stat.pickup.aoa3.chitin":1,"stat.damageDealt":8231,"stat.entityKilledBy.aoa3.bugeye":1,"stat.mineBlock.aoa3.rosite_ore":16,"stat.killEntity.Cow":9,"stat.killEntity.Pig":4,"stat.mineBlock.aoa3.limonite_ore":31,"stat.pickup.minecraft.boat":1,"stat.walkOneCm":616280,"stat.animalsBred":1,"stat.useItem.minecraft.chest":1,"stat.pickup.dynamictrees.birchseed":37,"stat.pickup.minecraft.stick":67,"stat.craftItem.aoa3.amethyst_shovel":1,"stat.useItem.minecraft.lava_bucket":5,"stat.useItem.aoa3.limonite_shovel":511,"stat.pickup.minecraft.stone":113,"stat.craftItem.minecraft.iron_chestplate":3,"stat.killEntity.aoa3.clown":1,"stat.pickup.minecraft.ender_pearl":1,"stat.pickup.aoa3.rosite_ore":16,"stat.pickup.minecraft.gold_ingot":12,"stat.killEntity.Skeleton":3,"stat.killEntity.Chicken":11,"stat.killEntity.Spider":1,"stat.mobKills":55,"stat.craftItem.minecraft.shears":1,"stat.pickup.randomthings.glowingmushroom":2,"stat.useItem.minecraft.boat":2,"stat.pickup.minecraft.diamond":8,"stat.mineBlock.wings.fairy_dust_ore":36,"stat.pickup.minecraft.torch":17,"stat.mineBlock.minecraft.redstone_ore":17,"stat.pickup.wings.amethyst":2,"stat.useItem.aoa3.amethyst_sword":107,"stat.drop.minecraft.stone_axe":1,"stat.drop.minecraft.arrow":2,"stat.mineBlock.minecraft.stone":6714}