{"stat.pickup.minecraft.bone":2,"stat.leaveGame":2,"stat.killEntity.aoa3.sasquatch":2,"stat.swimOneCm":7525,"stat.useItem.minecraft.planks":39,"stat.pickup.minecraft.cooked_porkchop":12,"stat.pickup.minecraft.porkchop":7,"stat.useItem.minecraft.dirt":48,"stat.pickup.wings.fairy_dust":9,"stat.useItem.minecraft.stone_slab2":18,"stat.mineBlock.minecraft.red_mushroom":5,"stat.pickup.minecraft.sand":17,"stat.craftItem.minecraft.furnace":1,"stat.pickup.aoa3.scrap_metal":2,"stat.killEntity.aoa3.bugeye":1,"stat.useItem.minecraft.egg":10,"stat.craftItem.minecraft.stone_axe":1,"stat.craftItem.minecraft.iron_boots":1,"stat.useItem.simplecorn.poppedcorn":2,"stat.craftItem.minecraft.stone_pickaxe":1,"stat.pickup.minecraft.cobblestone":22,"stat.craftItem.minecraft.stone_sword":1,"stat.flyOneCm":69098,"stat.mineBlock.minecraft.sand":18,"stat.mineBlock.minecraft.iron_ore":20,"stat.timeSinceDeath":142375,"stat.craftItem.minecraft.wooden_pickaxe":1,"stat.pickup.aoa3.limonite_ore":2,"stat.mineBlock.minecraft.vine":2,"stat.furnaceInteraction":63,"stat.craftItem.aoa3.limonite_ingot":2,"stat.useItem.minecraft.cooked_porkchop":1,"stat.useItem.aoa3.limonite_sword":112,"stat.pickup.minecraft.furnace":5,"stat.entityKilledBy.Skeleton":2,"stat.craftItem.minecraft.stone_slab2":0,"stat.killEntity.aoa3.cyclops":1,"stat.sprintOneCm":153236,"stat.mineBlock.minecraft.crafting_table":3,"stat.useItem.aoa3.amethyst_shovel":136,"stat.pickup.dynamictrees.oakseed":9,"stat.drop.simplecorn.kernels":1,"stat.deaths":5,"stat.drop":4,"stat.pickup.minecraft.egg":10,"stat.playOneMinute":281832,"stat.mineBlock.minecraft.tallgrass":98,"stat.diveOneCm":861,"stat.drop.minecraft.wooden_pickaxe":1,"stat.pickup.minecraft.arrow":2,"stat.craftItem.minecraft.cooked_porkchop":3,"stat.useItem.minecraft.chicken":1,"stat.pickup.simplecorn.kernels":7,"stat.jump":744,"stat.pickup.minecraft.coal":81,"stat.fallOneCm":10686,"stat.pickup.minecraft.iron_ingot":25,"stat.pickup.randomthings.beans":8,"stat.useItem.minecraft.stone_axe":65,"stat.crouchOneCm":653,"stat.craftItem.minecraft.torch":4,"stat.craftItem.minecraft.iron_ingot":20,"stat.craftItem.minecraft.chest":2,"stat.pickup.minecraft.dirt":148,"stat.craftItem.minecraft.iron_helmet":1,"stat.pickup.minecraft.red_mushroom":4,"stat.useItem.minecraft.cooked_chicken":3,"stat.craftingTableInteraction":38,"stat.pickup.minecraft.iron_ore":20,"stat.damageTaken":1532,"stat.pickup.minecraft.feather":10,"stat.mineBlock.minecraft.torch":12,"stat.mineBlock.minecraft.furnace":6,"stat.mineBlock.minecraft.red_flower":1,"stat.useItem.minecraft.wooden_pickaxe":22,"stat.useItem.minecraft.furnace":1,"stat.pickup.minecraft.planks":2,"stat.pickup.minecraft.iron_leggings":1,"stat.pickup.minecraft.wheat_seeds":7,"stat.entityKilledBy.aoa3.bloodmist":1,"stat.useItem.minecraft.stone_pickaxe":56,"stat.useItem.minecraft.stone_sword":26,"stat.killEntity.aoa3.charger":1,"stat.damageDealt":2383,"stat.craftItem.minecraft.glass":44,"stat.mineBlock.minecraft.dirt":147,"stat.killEntity.Pig":3,"stat.mineBlock.aoa3.limonite_ore":2,"stat.walkOneCm":257831,"stat.useItem.minecraft.torch":15,"stat.pickup.dynamictrees.birchseed":16,"stat.pickup.minecraft.stick":26,"stat.pickup.minecraft.crafting_table":4,"stat.useItem.minecraft.cobblestone":5,"stat.craftItem.minecraft.crafting_table":2,"stat.craftItem.simplecorn.poppedcorn":6,"stat.pickup.minecraft.log":40,"stat.entityKilledBy.aoa3.hag":1,"stat.craftItem.aoa3.limonite_sword":1,"stat.pickup.minecraft.stone":3,"stat.craftItem.minecraft.iron_chestplate":1,"stat.pickup.minecraft.chicken":7,"stat.killEntity.Skeleton":1,"stat.entityKilledBy.aoa3.charger":1,"stat.drop.dynamictrees.oakseed":2,"stat.killEntity.aoa3.bone_creature":1,"stat.craftItem.minecraft.planks":96,"stat.killEntity.Chicken":7,"stat.pickup.aoa3.raw_charger_shank":1,"stat.mobKills":14,"stat.craftItem.minecraft.cooked_chicken":3,"stat.mineBlock.minecraft.waterlily":1,"stat.mineBlock.wings.fairy_dust_ore":9,"stat.pickup.aoa3.amethyst_shovel":1,"stat.pickup.minecraft.torch":13,"stat.pickup.minecraft.red_flower":1,"stat.sneakTime":173,"stat.pickup.minecraft.wool":7,"stat.pickup.aoa3.copper_coin":7,"stat.mineBlock.minecraft.stone":23,"stat.craftItem.travellersbackpack.backpack_tank":6}