{"stat.drop.minecraft.waterlily":3,"stat.pickup.minecraft.bone":1,"stat.craftItem.aoa3.limonite_pickaxe":1,"stat.killEntity.aoa3.sasquatch":1,"stat.leaveGame":5,"stat.mineBlock.minecraft.pumpkin":9,"stat.mineBlock.minecraft.cobblestone":2,"stat.swimOneCm":28845,"stat.killEntity.aoa3.nightfly":1,"stat.climbOneCm":774,"stat.useItem.minecraft.planks":2,"stat.drop.minecraft.cobblestone":3,"stat.drop.dynamictrees.birchseed":3,"stat.pickup.minecraft.porkchop":9,"stat.useItem.minecraft.dirt":34,"stat.pickup.wings.fairy_dust":37,"stat.useItem.minecraft.stone_slab2":67,"stat.craftItem.aoa3.limonite_axe":1,"stat.pickup.minecraft.sand":41,"stat.craftItem.minecraft.furnace":3,"stat.pickup.aoa3.scrap_metal":2,"stat.killEntity.aoa3.bugeye":2,"stat.craftItem.minecraft.stone_axe":1,"stat.craftItem.minecraft.iron_boots":1,"stat.craftItem.minecraft.stone_pickaxe":1,"stat.craftItem.minecraft.cooked_beef":21,"stat.pickup.minecraft.cobblestone":111,"stat.flyOneCm":179624,"stat.useItem.randomthings.beans":2,"stat.mineBlock.minecraft.sand":40,"stat.craftItem.aoa3.limonite_shovel":1,"stat.drop.minecraft.wheat_seeds":2,"stat.mineBlock.minecraft.iron_ore":62,"stat.timeSinceDeath":23021,"stat.useItem.minecraft.iron_pickaxe":250,"stat.pickup.minecraft.mutton":1,"stat.useItem.dynamictrees.darkoakseed":3,"stat.pickup.aoa3.limonite_ore":14,"stat.pickup.dynamictrees.darkoakseed":7,"stat.pickup.minecraft.wooden_axe":1,"stat.furnaceInteraction":58,"stat.useItem.minecraft.cooked_porkchop":1,"stat.craftItem.aoa3.limonite_ingot":14,"stat.craftItem.minecraft.pumpkin_seeds":4,"stat.mineBlock.minecraft.coal_ore":169,"stat.drop.minecraft.wool":7,"stat.killEntity.Creeper":1,"stat.useItem.dynamictrees.birchseed":14,"stat.pickup.minecraft.beef":21,"stat.pickup.minecraft.furnace":7,"stat.entityKilledBy.Skeleton":4,"stat.craftItem.minecraft.stone_slab2":0,"stat.killEntity.aoa3.cyclops":1,"stat.killEntity.Squid":1,"stat.sprintOneCm":311959,"stat.drop.minecraft.leather":16,"stat.craftItem.minecraft.wooden_axe":1,"stat.craftItem.aoa3.amethyst_sword":1,"stat.craftItem.aoa3.rosite_ingot":5,"stat.mineBlock.minecraft.crafting_table":7,"stat.useItem.aoa3.amethyst_shovel":41,"stat.useItem.minecraft.pumpkin_pie":5,"stat.drop.aoa3.amethyst_shovel":1,"stat.pickup.dynamictrees.oakseed":12,"stat.deaths":7,"stat.mineBlock.minecraft.planks":4,"stat.drop":27,"stat.pickup.minecraft.egg":16,"stat.playOneMinute":206631,"stat.killEntity.aoa3.night_reaper":2,"stat.killEntity.Sheep":1,"stat.craftItem.minecraft.iron_pickaxe":1,"stat.pickup.aoa3.amethyst":5,"stat.craftItem.minecraft.pumpkin_pie":5,"stat.mineBlock.minecraft.gold_ore":10,"stat.mineBlock.minecraft.tallgrass":41,"stat.diveOneCm":8337,"stat.useItem.aoa3.limonite_pickaxe":19,"stat.chestOpened":11,"stat.pickup.minecraft.pumpkin":9,"stat.useItem.minecraft.stone":2,"stat.drop.minecraft.wooden_pickaxe":1,"stat.pickup.minecraft.arrow":2,"stat.pickup.minecraft.waterlily":3,"stat.craftItem.minecraft.cooked_porkchop":9,"stat.mineBlock.aoa3.amethyst_ore":5,"stat.pickup.simplecorn.kernels":1,"stat.drop.minecraft.cooked_porkchop":8,"stat.jump":1533,"stat.pickup.minecraft.coal":325,"stat.fallOneCm":28967,"stat.pickup.minecraft.iron_ingot":1,"stat.pickup.randomthings.beans":4,"stat.drop.minecraft.stone":1,"stat.pickup.aoa3.torn_cloth":1,"stat.useItem.minecraft.stone_axe":63,"stat.crouchOneCm":5504,"stat.craftItem.minecraft.torch":72,"stat.craftItem.minecraft.iron_ingot":61,"stat.craftItem.minecraft.chest":2,"stat.pickup.minecraft.dirt":68,"stat.craftItem.minecraft.iron_helmet":1,"stat.useItem.minecraft.cooked_chicken":4,"stat.craftingTableInteraction":21,"stat.pickup.minecraft.iron_ore":62,"stat.boatOneCm":139314,"stat.pickup.minecraft.gold_ore":10,"stat.mineBlock.minecraft.lapis_ore":8,"stat.pickup.minecraft.wooden_pickaxe":1,"stat.damageTaken":2068,"stat.pickup.minecraft.feather":8,"stat.pickup.minecraft.leather":24,"stat.drop.minecraft.iron_leggings":1,"stat.drop.minecraft.bone":1,"stat.mineBlock.minecraft.torch":9,"stat.mineBlock.minecraft.furnace":6,"stat.mineBlock.minecraft.red_flower":5,"stat.useItem.minecraft.wooden_pickaxe":32,"stat.useItem.minecraft.furnace":3,"stat.pickup.minecraft.log2":35,"stat.pickup.minecraft.dye":58,"stat.entityKilledBy.aoa3.headless_hunter":2,"stat.pickup.minecraft.planks":2,"stat.pickup.minecraft.reeds":9,"stat.pickup.minecraft.wheat_seeds":3,"stat.mineBlock.minecraft.gravel":1,"stat.useItem.minecraft.stone_pickaxe":136,"stat.craftItem.minecraft.iron_leggings":2,"stat.damageDealt":4536,"stat.useItem.aoa3.limonite_axe":29,"stat.mineBlock.aoa3.rosite_ore":5,"stat.killEntity.Cow":9,"stat.mineBlock.minecraft.dirt":57,"stat.killEntity.Pig":4,"stat.mineBlock.aoa3.limonite_ore":14,"stat.pickup.minecraft.boat":1,"stat.walkOneCm":284206,"stat.useItem.minecraft.torch":34,"stat.animalsBred":1,"stat.useItem.minecraft.chest":1,"stat.pickup.dynamictrees.birchseed":27,"stat.pickup.minecraft.stick":52,"stat.drop.randomthings.glowingmushroom":2,"stat.pickup.minecraft.crafting_table":6,"stat.useItem.minecraft.cobblestone":31,"stat.craftItem.minecraft.crafting_table":2,"stat.craftItem.aoa3.amethyst_shovel":1,"stat.craftItem.minecraft.boat":1,"stat.useItem.dynamictrees.oakseed":10,"stat.pickup.minecraft.log":44,"stat.useItem.aoa3.limonite_shovel":29,"stat.craftItem.minecraft.gold_ingot":10,"stat.pickup.minecraft.stone":9,"stat.craftItem.minecraft.iron_chestplate":1,"stat.pickup.minecraft.chicken":10,"stat.pickup.minecraft.wooden_door":12,"stat.pickup.aoa3.rosite_ore":5,"stat.pickup.minecraft.gold_ingot":5,"stat.killEntity.Skeleton":1,"stat.craftItem.minecraft.planks":40,"stat.killEntity.Chicken":10,"stat.mobKills":37,"stat.craftItem.minecraft.wooden_door":3,"stat.craftItem.minecraft.shears":1,"stat.craftItem.minecraft.cooked_chicken":9,"stat.useItem.minecraft.wooden_door":9,"stat.pickup.randomthings.glowingmushroom":2,"stat.useItem.minecraft.boat":2,"stat.craftItem.minecraft.sugar":9,"stat.mineBlock.wings.fairy_dust_ore":28,"stat.pickup.minecraft.torch":10,"stat.pickup.minecraft.red_flower":15,"stat.sneakTime":2813,"stat.pickup.minecraft.wool":8,"stat.pickup.aoa3.copper_coin":5,"stat.useItem.aoa3.amethyst_sword":31,"stat.drop.minecraft.stone_axe":1,"stat.drop.minecraft.arrow":2,"stat.useItem.minecraft.wooden_axe":20,"stat.mineBlock.minecraft.stone":119,"stat.drop.minecraft.wooden_axe":2}